sample_idx,label,prediction,score,theta
0,0,0,0.047469,0.049709
1,0,1,0.786740,0.823872
2,0,0,0.206521,0.216269
3,0,0,0.057940,0.060674
4,0,0,0.055320,0.057931
5,0,0,0.060257,0.063101
6,0,0,0.214126,0.224232
7,0,0,0.088163,0.092324
8,0,0,0.047788,0.050044
9,0,0,0.133797,0.140112
10,0,0,0.053123,0.055631
11,0,0,0.086429,0.090508
12,0,0,0.364366,0.381563
13,0,0,0.381862,0.399884
14,0,0,0.058779,0.061553
15,0,1,0.504494,0.528305
16,0,0,0.034817,0.036460
17,0,0,0.028264,0.029598
18,0,0,0.291773,0.305544
19,0,0,0.030418,0.031854
20,0,3,2.898476,3.035277
21,0,0,0.073486,0.076955
22,0,0,0.164936,0.172721
23,0,0,0.221077,0.231511
24,0,1,0.903657,0.946308
25,0,1,0.871240,0.912360
26,0,1,0.860040,0.900632
27,0,0,0.361305,0.378358
28,0,0,0.089848,0.094088
29,0,0,0.056935,0.059622
30,0,0,0.035439,0.037112
31,0,0,0.305957,0.320397
32,0,0,0.280861,0.294117
33,0,0,0.147997,0.154983
34,0,1,0.587304,0.615024
35,0,0,0.055174,0.057778
36,0,0,0.255097,0.267137
37,0,1,0.530441,0.555476
38,0,0,0.060802,0.063672
39,0,1,0.542220,0.567811
40,0,0,0.187152,0.195985
41,0,1,0.505773,0.529645
42,0,0,0.190671,0.199670
43,0,0,0.154026,0.161296
44,0,0,0.067275,0.070451
45,0,0,0.167020,0.174903
46,0,1,0.789124,0.826369
47,0,1,0.739930,0.774853
48,0,0,0.357918,0.374811
49,0,1,0.777496,0.814191
50,0,0,0.066977,0.070138
51,0,0,0.401144,0.420077
52,0,1,0.816919,0.855476
53,0,0,0.090443,0.094712
54,0,1,0.869381,0.910414
55,0,0,0.069028,0.072286
56,0,0,0.171811,0.179920
57,0,0,0.103248,0.108121
58,0,0,0.257007,0.269137
59,0,0,0.052538,0.055017
60,0,1,0.676274,0.708193
61,0,0,0.028535,0.029882
62,0,0,0.261858,0.274217
63,0,1,1.324586,1.387103
64,0,1,0.877326,0.918733
65,0,1,0.695748,0.728586
66,0,0,0.219966,0.230348
67,0,1,0.553037,0.579139
68,0,0,0.206365,0.216105
69,0,0,0.389527,0.407912
70,0,0,0.128308,0.134364
71,0,0,0.232140,0.243096
72,0,0,0.099079,0.103755
73,0,0,0.139202,0.145772
74,0,0,0.082961,0.086877
75,0,0,0.032479,0.034012
76,0,0,0.070317,0.073636
77,0,0,0.047721,0.049974
78,0,0,0.057202,0.059902
79,0,0,0.145836,0.152719
80,0,0,0.392375,0.410894
81,0,0,0.349241,0.365724
82,0,0,0.073222,0.076677
83,0,0,0.053066,0.055570
84,0,0,0.094188,0.098634
85,0,0,0.039776,0.041653
86,0,0,0.105435,0.110411
87,0,0,0.029159,0.030535
88,0,0,0.054077,0.056629
89,0,0,0.045952,0.048121
90,0,0,0.033870,0.035469
91,0,0,0.045925,0.048092
92,0,0,0.022867,0.023946
93,0,0,0.062124,0.065057
94,0,1,0.514447,0.538728
95,0,1,0.741604,0.776606
96,0,0,0.115968,0.121442
97,0,0,0.234288,0.245345
98,0,0,0.116702,0.122210
99,0,0,0.044840,0.046957
100,0,1,1.486363,1.556516
101,0,0,0.188789,0.197700
102,0,1,0.775389,0.811986
103,0,0,0.170079,0.178107
104,0,0,0.063948,0.066967
105,0,0,0.036288,0.038000
106,0,0,0.136916,0.143378
107,0,1,0.512232,0.536408
108,0,0,0.058744,0.061517
109,0,0,0.102123,0.106943
110,0,0,0.035491,0.037166
111,0,0,0.275727,0.288741
112,0,1,0.769331,0.805642
113,0,0,0.056472,0.059137
114,0,0,0.043370,0.045417
115,0,0,0.115684,0.121144
116,0,0,0.094098,0.098539
117,0,0,0.088050,0.092206
118,0,0,0.070247,0.073563
119,0,0,0.053123,0.055631
120,0,0,0.087948,0.092099
121,0,0,0.035791,0.037481
122,0,0,0.079492,0.083243
123,0,0,0.075984,0.079570
124,0,1,0.875222,0.916530
125,0,1,0.648136,0.678727
126,0,0,0.079696,0.083457
127,0,0,0.051714,0.054155
128,0,0,0.336557,0.352441
129,0,0,0.425957,0.446061
130,0,0,0.049955,0.052312
131,0,0,0.076790,0.080415
132,0,0,0.065062,0.068133
133,0,0,0.032031,0.033542
134,0,0,0.022553,0.023618
135,0,0,0.056523,0.059190
136,0,0,0.077603,0.081266
137,0,0,0.052059,0.054516
138,0,0,0.052957,0.055457
139,0,0,0.084264,0.088241
140,0,0,0.041758,0.043729
141,0,0,0.071599,0.074979
142,0,0,0.110625,0.115846
143,0,0,0.029905,0.031316
144,0,0,0.097097,0.101680
145,0,0,0.094294,0.098744
146,0,0,0.053415,0.055936
147,0,0,0.069843,0.073140
148,0,1,0.589957,0.617801
149,0,0,0.034212,0.035827
150,0,0,0.158676,0.166165
151,0,0,0.084299,0.088278
152,0,0,0.113851,0.119225
153,0,0,0.145622,0.152495
154,0,0,0.087963,0.092115
155,0,0,0.498098,0.521608
156,0,1,0.913361,0.956469
157,0,0,0.263971,0.276430
158,0,0,0.339262,0.355274
159,0,0,0.023379,0.024483
160,0,1,0.774065,0.810599
161,0,0,0.266345,0.278916
162,0,0,0.031898,0.033403
163,0,0,0.220419,0.230823
164,0,0,0.337400,0.353324
165,0,0,0.049480,0.051815
166,0,0,0.052430,0.054904
167,0,0,0.397308,0.416060
168,0,0,0.346019,0.362350
169,0,0,0.060642,0.063504
170,0,0,0.065858,0.068967
171,0,0,0.173428,0.181613
172,0,0,0.036192,0.037900
173,0,0,0.087398,0.091522
174,0,1,0.565685,0.592384
175,0,0,0.145210,0.152063
176,0,1,0.863427,0.904178
177,0,0,0.083987,0.087951
178,0,1,0.826971,0.866002
179,0,1,0.874319,0.915585
180,0,0,0.401622,0.420577
181,0,1,0.635325,0.665311
182,0,1,0.671559,0.703255
183,0,0,0.415851,0.435478
184,0,0,0.251568,0.263442
185,0,0,0.252782,0.264712
186,0,0,0.316663,0.331609
187,0,1,0.793658,0.831116
188,0,0,0.042184,0.044175
189,0,1,0.814016,0.852435
190,0,1,0.675563,0.707447
191,0,0,0.039315,0.041171
192,0,0,0.025360,0.026557
193,0,0,0.030752,0.032204
194,0,0,0.045554,0.047704
195,0,0,0.032754,0.034300
196,0,0,0.057191,0.059891
197,0,0,0.419194,0.438979
198,0,0,0.117668,0.123222
199,0,0,0.037615,0.039390
200,0,0,0.039748,0.041625
201,0,1,0.839604,0.879231
202,0,0,0.066012,0.069128
203,0,0,0.041023,0.042960
204,0,1,0.660525,0.691701
205,0,0,0.081081,0.084908
206,0,0,0.068973,0.072229
207,0,0,0.108040,0.113139
208,0,1,0.750015,0.785414
209,0,0,0.079123,0.082858
210,0,0,0.033341,0.034915
211,0,0,0.054245,0.056805
212,0,0,0.066286,0.069414
213,0,1,0.807224,0.845323
214,0,0,0.049157,0.051477
215,0,0,0.342871,0.359054
216,0,0,0.061170,0.064057
217,0,0,0.042736,0.044753
218,0,1,0.530098,0.555118
219,0,0,0.078851,0.082573
220,0,0,0.072025,0.075425
221,0,0,0.472596,0.494902
222,0,0,0.082579,0.086477
223,0,0,0.040817,0.042744
224,0,0,0.071262,0.074625
225,0,0,0.034610,0.036244
226,0,1,0.697659,0.730587
227,0,1,0.506084,0.529970
228,0,0,0.072726,0.076159
229,0,0,0.029777,0.031183
230,0,0,0.185219,0.193961
231,0,0,0.065518,0.068610
232,0,0,0.091393,0.095707
233,0,0,0.044008,0.046085
234,0,0,0.034442,0.036067
235,0,0,0.282499,0.295832
236,0,0,0.039272,0.041126
237,0,1,0.925324,0.968997
238,0,1,0.651402,0.682147
239,0,0,0.161545,0.169170
240,0,1,0.828947,0.868071
241,0,0,0.026365,0.027609
242,0,0,0.178337,0.186754
243,0,0,0.297960,0.312023
244,0,1,0.676748,0.708689
245,0,1,0.517896,0.542340
246,0,0,0.133455,0.139754
247,0,1,0.541495,0.567052
248,0,0,0.053716,0.056251
249,0,0,0.080861,0.084678
250,0,0,0.029633,0.031031
251,0,0,0.057071,0.059765
252,0,0,0.101180,0.105955
253,0,0,0.073759,0.077240
254,0,0,0.047089,0.049312
255,0,0,0.082542,0.086438
256,0,0,0.105666,0.110653
257,0,0,0.107095,0.112149
258,0,0,0.047840,0.050098
259,0,0,0.066653,0.069799
260,0,0,0.091846,0.096181
261,0,0,0.064073,0.067098
262,0,0,0.293489,0.307341
263,0,0,0.096925,0.101500
264,0,0,0.121848,0.127599
265,0,0,0.049611,0.051952
266,0,0,0.086031,0.090092
267,0,0,0.067482,0.070667
268,0,1,0.747011,0.782268
269,0,0,0.455629,0.477134
270,0,0,0.204664,0.214323
271,0,0,0.491280,0.514467
272,0,1,0.830831,0.870044
273,0,1,0.862869,0.903594
274,0,0,0.022469,0.023529
275,0,0,0.099317,0.104005
276,0,0,0.038852,0.040686
277,0,0,0.080133,0.083915
278,0,0,0.064107,0.067133
279,0,0,0.170114,0.178143
280,0,0,0.156898,0.164303
281,0,0,0.057945,0.060680
282,0,0,0.072392,0.075809
283,0,0,0.058671,0.061440
284,0,0,0.029664,0.031064
285,0,0,0.030835,0.032291
286,0,0,0.034757,0.036398
287,0,1,0.645555,0.676023
288,0,0,0.237956,0.249187
289,0,0,0.105364,0.110337
290,0,0,0.065703,0.068804
291,0,0,0.118097,0.123671
292,0,0,0.046997,0.049215
293,0,0,0.244017,0.255534
294,0,1,0.931472,0.975435
295,0,0,0.379911,0.397842
296,0,0,0.063358,0.066348
297,0,0,0.084768,0.088769
298,0,0,0.089661,0.093893
299,0,0,0.117070,0.122595
300,0,0,0.123858,0.129704
301,0,0,0.094409,0.098864
302,0,0,0.121668,0.127411
303,0,0,0.076051,0.079641
304,0,0,0.099100,0.103777
305,0,0,0.083126,0.087049
306,0,0,0.408457,0.427735
307,0,0,0.032943,0.034497
308,0,0,0.031440,0.032923
309,0,0,0.035288,0.036954
310,0,0,0.033526,0.035109
311,0,0,0.061746,0.064660
312,0,0,0.087464,0.091592
313,0,0,0.084629,0.088623
314,0,0,0.066285,0.069413
315,0,0,0.070291,0.073609
316,0,0,0.065708,0.068809
317,0,0,0.149320,0.156368
318,0,0,0.070264,0.073580
319,0,0,0.041932,0.043911
320,0,0,0.056507,0.059174
321,0,0,0.053228,0.055740
322,0,0,0.071738,0.075123
323,0,0,0.093965,0.098400
324,0,1,0.700174,0.733220
325,0,1,0.790632,0.827948
326,0,0,0.076023,0.079611
327,0,0,0.041568,0.043530
328,0,1,0.614756,0.643771
329,0,1,0.843715,0.883537
330,0,1,0.896047,0.938338
331,0,0,0.040665,0.042585
332,0,0,0.022664,0.023734
333,0,0,0.247730,0.259423
334,0,1,0.573658,0.600733
335,0,1,0.840934,0.880624
336,0,1,0.521656,0.546277
337,0,1,0.842829,0.882608
338,0,0,0.043576,0.045633
339,0,0,0.087316,0.091437
340,0,1,0.918474,0.961824
341,0,1,0.613071,0.642007
342,0,0,0.053858,0.056400
343,0,1,0.874197,0.915457
344,0,0,0.432812,0.453240
345,0,0,0.212740,0.222781
346,0,1,0.896248,0.938549
347,0,0,0.028165,0.029495
348,0,0,0.085858,0.089910
349,0,1,0.557292,0.583595
350,0,0,0.120712,0.126409
351,0,0,0.079607,0.083364
352,0,0,0.036172,0.037879
353,0,0,0.031854,0.033357
354,0,0,0.090337,0.094601
355,0,0,0.070100,0.073409
356,0,0,0.033206,0.034773
357,0,0,0.051903,0.054353
358,0,0,0.065852,0.068960
359,0,0,0.112105,0.117396
360,0,0,0.095029,0.099515
361,0,0,0.032475,0.034008
362,0,0,0.118528,0.124122
363,0,0,0.053315,0.055832
364,0,0,0.026381,0.027627
365,0,0,0.088861,0.093055
366,0,0,0.085131,0.089149
367,0,0,0.080729,0.084539
368,0,0,0.074988,0.078527
369,0,0,0.077754,0.081424
370,0,0,0.034963,0.036613
371,0,0,0.098823,0.103487
372,0,0,0.086236,0.090306
373,0,0,0.218194,0.228492
374,0,0,0.025461,0.026662
375,0,0,0.071912,0.075307
376,0,0,0.111520,0.116784
377,0,0,0.026068,0.027299
378,0,0,0.080159,0.083942
379,0,0,0.080495,0.084294
380,0,0,0.030673,0.032120
381,0,0,0.146817,0.153746
382,0,0,0.295382,0.309323
383,0,1,0.755126,0.790766
384,0,0,0.119456,0.125094
385,0,2,2.271250,2.378447
386,0,2,1.664151,1.742694
387,0,0,0.041322,0.043272
388,0,0,0.068972,0.072227
389,0,0,0.131356,0.137556
390,0,0,0.058369,0.061124
391,0,0,0.080580,0.084383
392,0,0,0.130237,0.136383
393,0,0,0.040358,0.042263
394,0,0,0.139881,0.146483
395,0,0,0.163230,0.170934
396,0,0,0.074621,0.078143
397,0,0,0.158216,0.165683
398,0,0,0.074464,0.077978
399,0,0,0.132189,0.138428
400,0,1,0.506666,0.530580
401,0,0,0.074058,0.077553
402,0,0,0.490539,0.513691
403,0,0,0.267502,0.280128
404,0,0,0.249351,0.261120
405,0,0,0.026175,0.027410
406,0,1,0.661021,0.692220
407,0,1,0.627174,0.656775
408,0,1,0.897475,0.939834
409,0,1,0.691663,0.724307
410,0,0,0.038177,0.039979
411,0,1,0.864883,0.905704
412,0,0,0.095592,0.100104
413,0,0,0.037771,0.039553
414,0,0,0.127433,0.133448
415,0,0,0.028409,0.029750
416,0,0,0.119904,0.125563
417,0,0,0.294556,0.308459
418,0,1,1.285241,1.345902
419,0,0,0.029576,0.030972
420,0,1,0.841239,0.880944
421,0,0,0.086924,0.091026
422,0,1,1.370757,1.435453
423,0,1,0.919639,0.963044
424,0,0,0.037223,0.038979
425,0,0,0.152747,0.159956
426,0,0,0.225211,0.235841
427,0,0,0.468578,0.490693
428,0,1,0.693413,0.726141
429,0,0,0.045530,0.047679
430,0,0,0.062576,0.065530
431,0,1,0.811639,0.849946
432,0,0,0.052635,0.055119
433,0,0,0.106090,0.111097
434,0,0,0.046244,0.048427
435,0,0,0.403065,0.422089
436,0,0,0.068467,0.071698
437,0,0,0.097297,0.101889
438,0,0,0.066789,0.069942
439,0,0,0.454800,0.476265
440,0,0,0.078900,0.082624
441,0,0,0.106163,0.111173
442,0,0,0.036083,0.037787
443,0,1,0.517897,0.542340
444,0,0,0.024755,0.025923
445,0,0,0.033317,0.034889
446,0,0,0.064114,0.067140
447,0,0,0.068957,0.072212
448,0,0,0.029806,0.031213
449,0,0,0.038424,0.040238
450,0,0,0.392867,0.411410
451,0,0,0.029004,0.030373
452,0,0,0.050332,0.052708
453,0,0,0.079726,0.083489
454,0,0,0.066078,0.069197
455,0,0,0.210774,0.220722
456,0,0,0.246780,0.258428
457,0,0,0.033192,0.034759
458,0,0,0.055926,0.058565
459,0,0,0.035374,0.037044
460,0,0,0.033984,0.035588
461,0,0,0.046910,0.049124
462,0,0,0.029675,0.031075
463,0,0,0.068803,0.072050
464,0,0,0.063355,0.066345
465,0,0,0.054434,0.057003
466,0,0,0.107527,0.112602
467,0,0,0.053680,0.056214
468,0,0,0.076017,0.079605
469,0,0,0.065114,0.068187
470,0,0,0.064254,0.067287
471,0,0,0.101636,0.106433
472,0,0,0.102015,0.106830
473,0,0,0.094024,0.098462
474,0,1,0.867349,0.908286
475,0,0,0.074799,0.078329
476,0,1,0.771956,0.808391
477,0,0,0.045198,0.047331
478,0,0,0.143805,0.150592
479,0,1,0.563456,0.590049
480,0,1,0.719057,0.752995
481,0,0,0.055965,0.058606
482,0,0,0.069792,0.073087
483,0,0,0.029808,0.031215
484,0,0,0.038365,0.040176
485,0,0,0.075498,0.079061
486,0,0,0.038827,0.040659
487,0,0,0.044820,0.046935
488,0,0,0.103754,0.108651
489,0,1,0.527782,0.552692
490,0,0,0.445532,0.466560
491,0,0,0.045014,0.047138
492,0,0,0.097939,0.102562
493,0,1,0.751014,0.786460
494,0,1,1.003440,1.050800
495,0,0,0.064334,0.067371
496,0,0,0.050448,0.052829
497,0,0,0.047953,0.050216
498,0,0,0.064399,0.067439
499,0,0,0.081221,0.085055
500,0,0,0.028790,0.030148
501,0,0,0.138961,0.145520
502,0,0,0.099593,0.104294
503,0,0,0.084364,0.088346
504,0,0,0.045093,0.047221
505,0,0,0.081631,0.085484
506,0,0,0.034097,0.035707
507,0,0,0.076190,0.079786
508,0,1,0.661131,0.692334
509,0,0,0.296711,0.310715
510,0,0,0.029437,0.030827
511,0,1,0.630770,0.660540
512,0,0,0.092718,0.097094
513,0,0,0.060092,0.062929
514,0,0,0.086514,0.090598
515,0,0,0.053685,0.056219
516,0,0,0.024643,0.025806
517,0,0,0.060569,0.063428
518,0,0,0.365778,0.383042
519,0,0,0.405730,0.424879
520,0,0,0.124874,0.130767
521,0,0,0.070672,0.074007
522,0,1,0.741125,0.776105
523,0,0,0.058177,0.060922
524,0,0,0.089259,0.093472
525,0,0,0.074684,0.078209
526,0,0,0.033245,0.034814
527,0,0,0.040486,0.042397
528,0,1,0.892158,0.934265
529,0,1,0.678768,0.710804
530,0,0,0.079166,0.082902
531,0,1,0.701548,0.734659
532,0,0,0.425029,0.445089
533,0,0,0.253962,0.265948
534,0,0,0.286458,0.299978
535,0,0,0.058772,0.061546
536,0,0,0.052982,0.055482
537,0,0,0.089762,0.093999
538,0,0,0.059881,0.062707
539,0,1,0.681716,0.713891
540,0,0,0.034377,0.035999
541,0,0,0.058277,0.061027
542,0,0,0.054315,0.056878
543,0,0,0.032804,0.034352
544,0,1,0.766584,0.802765
545,0,0,0.032029,0.033540
546,0,0,0.028421,0.029762
547,0,0,0.117909,0.123474
548,0,0,0.069392,0.072667
549,0,0,0.123017,0.128823
550,0,0,0.077738,0.081407
551,0,0,0.098292,0.102931
552,0,0,0.081060,0.084886
553,0,0,0.070585,0.073916
554,0,0,0.095620,0.100134
555,0,0,0.024588,0.025748
556,0,0,0.085143,0.089162
557,0,0,0.039015,0.040857
558,0,0,0.099746,0.104454
559,0,0,0.082139,0.086015
560,0,0,0.116201,0.121685
561,0,0,0.089817,0.094056
562,0,0,0.026827,0.028093
563,0,0,0.180903,0.189441
564,0,0,0.023391,0.024495
565,0,0,0.299655,0.313798
566,0,0,0.040704,0.042625
567,0,0,0.237578,0.248791
568,0,0,0.175110,0.183375
569,0,0,0.246075,0.257689
570,0,0,0.040889,0.042819
571,0,0,0.040163,0.042059
572,0,0,0.059735,0.062554
573,0,0,0.029178,0.030555
574,0,0,0.085568,0.089607
575,0,0,0.088065,0.092222
576,0,0,0.036997,0.038743
577,0,0,0.036240,0.037950
578,0,0,0.138082,0.144599
579,0,0,0.030722,0.032172
580,0,0,0.090873,0.095162
581,0,0,0.031341,0.032820
582,0,0,0.029326,0.030711
583,0,0,0.200663,0.210134
584,0,0,0.093311,0.097715
585,0,0,0.125018,0.130919
586,0,0,0.028951,0.030318
587,0,0,0.050661,0.053052
588,0,0,0.201365,0.210869
589,0,0,0.030212,0.031638
590,0,0,0.116027,0.121503
591,0,0,0.037258,0.039016
592,0,0,0.046533,0.048729
593,0,0,0.087724,0.091865
594,0,0,0.105607,0.110591
595,0,0,0.070956,0.074305
596,0,0,0.039901,0.041785
597,0,0,0.042084,0.044071
598,0,0,0.054759,0.057343
599,0,0,0.078880,0.082603
600,0,0,0.034210,0.035825
601,0,0,0.309286,0.323884
602,0,0,0.026970,0.028243
603,0,0,0.066290,0.069419
604,0,0,0.059133,0.061923
605,0,0,0.022843,0.023921
606,0,0,0.152958,0.160178
607,0,0,0.058405,0.061162
608,0,1,0.577732,0.604999
609,0,0,0.080085,0.083865
610,0,0,0.098281,0.102920
611,0,1,0.887910,0.929817
612,0,0,0.160918,0.168513
613,0,0,0.083997,0.087962
614,0,0,0.101405,0.106191
615,0,0,0.224906,0.235521
616,0,0,0.107569,0.112646
617,0,0,0.113289,0.118636
618,0,0,0.128570,0.134638
619,0,0,0.084227,0.088202
620,0,0,0.435191,0.455731
621,0,1,0.647500,0.678061
622,0,0,0.035374,0.037044
623,0,0,0.086826,0.090924
624,0,1,0.518620,0.543098
625,0,1,1.128196,1.181444
626,0,0,0.026282,0.027523
627,0,0,0.100289,0.105022
628,0,0,0.066148,0.069270
629,0,0,0.050301,0.052675
630,0,0,0.031141,0.032610
631,0,0,0.083169,0.087094
632,0,0,0.092025,0.096369
633,0,0,0.024372,0.025522
634,0,0,0.031221,0.032694
635,0,0,0.108684,0.113813
636,0,0,0.085567,0.089605
637,0,0,0.074426,0.077938
638,0,0,0.107193,0.112252
639,0,0,0.116623,0.122127
640,0,0,0.037893,0.039681
641,0,1,0.867258,0.908191
642,0,0,0.212558,0.222590
643,0,0,0.049437,0.051771
644,0,0,0.220621,0.231034
645,0,1,0.738563,0.773421
646,0,0,0.092227,0.096580
647,0,0,0.371467,0.388999
648,0,0,0.039866,0.041748
649,0,0,0.121973,0.127730
650,0,0,0.303918,0.318263
651,0,0,0.048565,0.050857
652,0,1,0.846482,0.886434
653,0,0,0.029926,0.031339
654,0,0,0.275960,0.288985
655,0,0,0.042630,0.044642
656,0,0,0.049886,0.052241
657,0,3,2.721721,2.850179
658,0,0,0.069029,0.072287
659,0,0,0.173646,0.181842
660,0,0,0.071996,0.075394
661,0,0,0.157967,0.165423
662,0,0,0.035479,0.037153
663,0,0,0.041828,0.043802
664,0,0,0.047517,0.049760
665,0,0,0.064266,0.067299
666,0,0,0.083193,0.087120
667,0,0,0.082169,0.086047
668,0,0,0.052381,0.054853
669,0,0,0.098107,0.102737
670,0,0,0.025886,0.027108
671,0,1,1.202175,1.258915
672,0,1,0.658380,0.689454
673,0,0,0.085159,0.089178
674,0,0,0.039614,0.041484
675,0,0,0.334491,0.350278
676,0,0,0.453001,0.474382
677,0,1,0.795650,0.833203
678,0,0,0.054642,0.057221
679,0,1,0.550123,0.576087
680,0,1,0.799499,0.837233
681,0,1,0.597122,0.625305
682,0,0,0.136194,0.142622
683,0,1,0.698345,0.731305
684,0,0,0.033796,0.035391
685,0,0,0.138802,0.145353
686,0,0,0.035356,0.037025
687,0,0,0.302969,0.317269
688,0,0,0.062735,0.065696
689,0,0,0.052764,0.055254
690,0,0,0.031852,0.033355
691,0,0,0.100947,0.105711
692,0,0,0.080320,0.084111
693,0,0,0.035808,0.037498
694,0,0,0.268127,0.280782
695,0,0,0.145686,0.152562
696,0,0,0.090041,0.094290
697,0,0,0.123884,0.129731
698,0,0,0.080999,0.084822
699,0,0,0.048110,0.050381
700,0,0,0.073815,0.077299
701,0,0,0.038265,0.040072
702,0,0,0.066833,0.069988
703,0,0,0.075301,0.078855
704,0,0,0.162464,0.170132
705,0,0,0.049087,0.051404
706,0,0,0.082101,0.085976
707,0,0,0.042768,0.044786
708,0,0,0.032744,0.034289
709,0,0,0.089109,0.093315
710,0,0,0.085871,0.089924
711,0,0,0.111160,0.116406
712,0,0,0.070184,0.073497
713,0,0,0.062203,0.065139
714,0,0,0.098226,0.102862
715,0,0,0.104262,0.109183
716,0,1,0.547426,0.573263
717,0,0,0.045805,0.047967
718,0,0,0.101330,0.106113
719,0,0,0.098965,0.103636
720,0,0,0.137671,0.144169
721,0,0,0.035468,0.037142
722,0,0,0.331595,0.347245
723,0,1,0.794392,0.831885
724,0,0,0.055363,0.057976
725,0,0,0.027997,0.029318
726,0,0,0.102328,0.107158
727,0,0,0.027553,0.028853
728,0,0,0.073005,0.076451
729,0,0,0.071396,0.074766
730,0,0,0.065365,0.068450
731,0,0,0.100894,0.105656
732,0,0,0.295334,0.309273
733,0,0,0.032289,0.033813
734,0,0,0.034267,0.035885
735,0,0,0.147300,0.154253
736,0,0,0.116096,0.121575
737,0,0,0.031467,0.032952
738,0,0,0.037255,0.039013
739,0,0,0.024150,0.025290
740,0,0,0.091615,0.095939
741,0,0,0.040725,0.042648
742,0,0,0.187236,0.196073
743,0,0,0.029375,0.030761
744,0,0,0.093461,0.097872
745,0,0,0.143031,0.149782
746,0,0,0.141020,0.147676
747,0,1,0.822576,0.861399
748,0,0,0.132965,0.139241
749,0,0,0.076494,0.080104
750,0,0,0.074787,0.078317
751,0,0,0.278004,0.291125
752,0,0,0.053513,0.056039
753,0,0,0.062377,0.065321
754,0,0,0.035081,0.036737
755,0,0,0.117820,0.123381
756,0,0,0.212463,0.222491
757,0,0,0.033466,0.035046
758,0,0,0.218210,0.228509
759,0,0,0.024067,0.025203
760,0,0,0.083624,0.087571
761,0,0,0.124239,0.130103
762,0,0,0.124150,0.130009
763,0,0,0.032481,0.034014
764,0,0,0.030302,0.031732
765,0,0,0.031998,0.033508
766,0,0,0.148968,0.155999
767,0,0,0.131318,0.137516
768,0,0,0.091956,0.096296
769,0,0,0.068074,0.071287
770,0,0,0.134320,0.140659
771,0,0,0.069932,0.073233
772,0,0,0.076758,0.080381
773,0,1,0.736161,0.770906
774,0,0,0.091379,0.095692
775,0,1,1.295320,1.356456
776,0,1,0.998295,1.045412
777,0,1,0.758222,0.794008
778,0,0,0.025886,0.027108
779,0,0,0.105661,0.110648
780,0,1,1.051607,1.101240
781,0,1,0.646795,0.677322
782,0,1,0.703880,0.737101
783,0,1,0.985042,1.031533
784,0,0,0.081513,0.085361
785,0,1,1.211393,1.268568
786,0,2,1.542970,1.615795
787,0,0,0.075351,0.078908
788,0,1,1.000314,1.047526
789,0,0,0.033504,0.035085
790,0,2,1.670344,1.749180
791,0,1,1.067903,1.118306
792,0,1,0.882235,0.923875
793,0,1,0.745444,0.780627
794,0,0,0.051153,0.053567
795,0,1,1.115508,1.168157
796,0,1,0.703782,0.736999
797,0,1,0.708134,0.741556
798,0,1,0.876483,0.917850
799,0,1,0.851329,0.891509
800,0,1,0.880379,0.921931
801,0,0,0.027616,0.028919
802,0,0,0.140831,0.147478
803,0,1,0.645492,0.675958
804,0,1,0.925463,0.969143
805,0,1,1.018343,1.066407
806,0,1,0.815659,0.854156
807,0,0,0.146689,0.153613
808,0,0,0.141026,0.147682
809,0,0,0.065421,0.068509
810,0,1,0.750907,0.786348
811,0,0,0.032076,0.033590
812,0,1,0.901238,0.943774
813,0,0,0.027944,0.029263
814,0,0,0.066790,0.069943
815,0,0,0.050864,0.053265
816,0,1,0.805706,0.843733
817,0,0,0.080745,0.084556
818,0,0,0.361692,0.378763
819,0,0,0.054095,0.056648
820,0,0,0.071296,0.074661
821,0,0,0.442823,0.463723
822,0,1,1.096897,1.148667
823,0,0,0.110330,0.115537
824,0,1,0.617435,0.646577
825,0,0,0.174340,0.182568
826,0,0,0.181183,0.189734
827,0,0,0.117584,0.123133
828,0,0,0.047100,0.049323
829,0,1,0.818946,0.857599
830,0,0,0.145830,0.152713
831,0,0,0.099178,0.103859
832,0,0,0.048241,0.050518
833,0,0,0.063944,0.066962
834,0,0,0.057951,0.060686
835,0,1,0.643394,0.673761
836,0,1,0.833892,0.873250
837,0,0,0.058038,0.060777
838,0,0,0.036147,0.037853
839,0,0,0.031799,0.033300
840,0,0,0.097706,0.102318
841,0,0,0.036065,0.037768
842,0,0,0.040792,0.042717
843,0,0,0.102953,0.107812
844,0,0,0.034065,0.035673
845,0,0,0.085382,0.089412
846,0,0,0.077325,0.080975
847,0,0,0.104766,0.109711
848,0,1,0.892426,0.934547
849,0,0,0.043396,0.045444
850,0,0,0.267732,0.280369
851,0,0,0.082876,0.086788
852,0,0,0.111340,0.116595
853,0,1,0.917098,0.960382
854,0,0,0.131454,0.137658
855,0,0,0.069782,0.073075
856,0,1,0.867523,0.908468
857,0,0,0.102125,0.106946
858,0,0,0.053596,0.056126
859,0,1,0.645876,0.676359
860,0,0,0.156149,0.163519
861,0,0,0.153259,0.160493
862,0,0,0.301893,0.316142
863,0,0,0.040652,0.042571
864,0,0,0.072913,0.076355
865,0,0,0.079687,0.083448
866,0,1,1.017010,1.065010
867,0,0,0.128897,0.134980
868,0,1,0.908122,0.950984
869,0,0,0.072713,0.076145
870,0,0,0.150128,0.157214
871,0,0,0.459476,0.481163
872,0,1,0.842754,0.882530
873,0,1,0.773911,0.810438
874,0,1,0.804710,0.842690
875,0,0,0.386792,0.405047
876,0,0,0.026014,0.027242
877,0,0,0.027283,0.028571
878,0,1,0.950760,0.995633
879,0,1,0.553901,0.580044
880,0,0,0.029930,0.031343
881,0,0,0.211487,0.221469
882,0,0,0.466810,0.488843
883,0,0,0.056900,0.059585
884,0,0,0.033939,0.035541
885,0,1,0.950398,0.995254
886,0,0,0.131323,0.137521
887,0,1,0.928197,0.972006
888,0,0,0.089128,0.093335
889,0,1,0.740191,0.775126
890,0,0,0.032282,0.033806
891,0,0,0.030612,0.032057
892,0,0,0.077308,0.080957
893,0,0,0.225721,0.236375
894,0,0,0.194952,0.204154
895,0,0,0.215419,0.225586
896,0,0,0.040924,0.042855
897,0,0,0.031646,0.033140
898,0,0,0.047725,0.049977
899,0,0,0.035354,0.037023
900,0,1,0.574009,0.601101
901,0,0,0.067086,0.070252
902,0,0,0.031446,0.032931
903,0,1,1.310822,1.372689
904,0,1,0.864321,0.905115
905,0,0,0.034684,0.036321
906,0,0,0.043544,0.045599
907,0,0,0.431565,0.451934
908,0,0,0.249068,0.260823
909,0,0,0.081533,0.085382
910,0,0,0.066128,0.069249
911,0,0,0.075032,0.078573
912,0,0,0.046646,0.048848
913,0,0,0.097304,0.101897
914,0,1,0.699355,0.732363
915,0,0,0.071597,0.074976
916,0,0,0.208805,0.218660
917,0,0,0.077004,0.080639
918,0,0,0.362921,0.380050
919,0,0,0.100239,0.104970
920,0,0,0.032090,0.033604
921,0,0,0.073931,0.077421
922,0,0,0.037890,0.039678
923,0,0,0.091641,0.095966
924,0,0,0.029317,0.030701
925,1,1,0.900911,0.943431
926,1,0,0.129432,0.135541
927,1,1,1.082420,1.133508
928,1,2,1.881565,1.970371
929,1,1,1.107819,1.160105
930,1,1,0.851745,0.891945
931,1,0,0.352181,0.368803
932,1,1,0.837550,0.877080
933,1,1,1.202792,1.259561
934,1,1,0.773851,0.810374
935,1,1,1.019942,1.068081
936,1,0,0.048217,0.050492
937,1,0,0.371605,0.389144
938,1,0,0.047947,0.050210
939,1,1,0.573998,0.601089
940,1,1,0.659323,0.690441
941,1,1,0.926962,0.970712
942,1,1,0.869598,0.910641
943,1,1,0.836024,0.875482
944,1,1,1.092261,1.143813
945,1,0,0.300704,0.314897
946,1,1,0.929099,0.972950
947,1,1,0.815624,0.854120
948,1,1,0.809043,0.847228
949,1,1,0.615000,0.644026
950,1,1,0.875309,0.916622
951,1,1,0.799581,0.837320
952,1,1,0.862541,0.903251
953,1,1,0.957338,1.002522
954,1,2,2.000786,2.095218
955,1,2,2.003491,2.098051
956,1,1,0.988278,1.034922
957,1,0,0.250284,0.262097
958,1,1,0.640183,0.670398
959,1,1,0.846712,0.886675
960,1,1,0.627828,0.657460
961,1,1,0.996196,1.043214
962,1,1,0.555845,0.582079
963,1,1,0.949187,0.993986
964,1,1,0.912633,0.955707
965,1,1,0.705815,0.739128
966,1,1,1.288731,1.349556
967,1,1,0.871249,0.912370
968,1,0,0.499431,0.523003
969,1,1,0.776320,0.812961
970,1,1,0.685311,0.717656
971,1,1,1.304330,1.365891
972,1,1,0.725854,0.760113
973,1,1,1.043918,1.093188
974,1,2,1.779493,1.863481
975,1,2,1.925741,2.016632
976,1,1,0.897914,0.940294
977,1,2,1.953247,2.045435
978,1,0,0.092230,0.096583
979,1,1,1.241909,1.300524
980,1,1,1.122797,1.175790
981,1,1,0.749093,0.784449
982,1,1,0.872150,0.913313
983,1,2,2.118272,2.218249
984,1,2,1.817498,1.903280
985,1,2,1.699231,1.779431
986,1,1,1.153738,1.208192
987,1,1,0.746480,0.781712
988,1,0,0.421127,0.441004
989,1,1,0.581806,0.609265
990,1,1,0.872224,0.913391
991,1,1,0.866676,0.907581
992,1,1,0.775987,0.812612
993,1,0,0.164805,0.172583
994,1,1,0.789758,0.827033
995,1,0,0.120880,0.126585
996,1,1,0.938590,0.982889
997,1,0,0.043350,0.045396
998,1,1,0.838440,0.878013
999,1,0,0.446050,0.467102
1000,1,1,0.637374,0.667457
1001,1,1,0.717362,0.751220
1002,1,0,0.036243,0.037953
1003,1,1,1.249577,1.308554
1004,1,2,1.855398,1.942968
1005,1,2,1.703324,1.783717
1006,1,0,0.080436,0.084233
1007,1,2,1.944193,2.035954
1008,1,1,0.827431,0.866484
1009,1,1,0.767368,0.803586
1010,1,2,1.794786,1.879496
1011,1,0,0.338858,0.354851
1012,1,1,0.717472,0.751334
1013,1,1,0.940789,0.985192
1014,1,1,0.900624,0.943131
1015,1,1,0.906512,0.949298
1016,1,1,0.846166,0.886103
1017,1,1,0.803876,0.841817
1018,1,1,0.888523,0.930459
1019,1,1,0.859913,0.900499
1020,1,2,1.782219,1.866335
1021,1,1,0.754832,0.790458
1022,1,1,0.672915,0.704675
1023,1,1,0.570022,0.596925
1024,1,1,0.743918,0.779029
1025,1,2,2.424462,2.538891
1026,1,1,0.825152,0.864098
1027,1,1,0.554643,0.580821
1028,1,1,0.526490,0.551339
1029,1,1,0.939644,0.983993
1030,1,1,0.867763,0.908720
1031,1,1,0.941579,0.986019
1032,1,0,0.363662,0.380826
1033,1,1,0.546538,0.572334
1034,1,1,1.383046,1.448322
1035,1,2,1.843524,1.930534
1036,1,2,1.866881,1.954993
1037,1,1,1.165823,1.220847
1038,1,3,2.837039,2.970941
1039,1,1,0.919688,0.963095
1040,1,0,0.295840,0.309803
1041,1,1,1.281458,1.341940
1042,1,1,0.924018,0.967630
1043,1,2,1.998809,2.093148
1044,1,1,0.735746,0.770472
1045,1,1,1.112566,1.165076
1046,1,1,0.901743,0.944304
1047,1,1,1.385257,1.450638
1048,1,2,1.950628,2.042692
1049,1,1,0.984359,1.030818
1050,1,1,0.781352,0.818230
1051,1,1,0.983821,1.030255
1052,1,1,0.775492,0.812093
1053,1,1,0.900143,0.942628
1054,1,0,0.482865,0.505656
1055,1,0,0.051737,0.054178
1056,1,1,0.592533,0.620499
1057,1,1,0.811747,0.850059
1058,1,2,1.737045,1.819030
1059,1,1,0.782809,0.819756
1060,1,1,0.935592,0.979750
1061,1,1,0.913346,0.956453
1062,1,1,0.977432,1.023565
1063,1,2,1.802702,1.887786
1064,1,1,0.853037,0.893298
1065,1,2,1.727246,1.808768
1066,1,1,0.943078,0.987589
1067,1,1,1.089729,1.141162
1068,1,1,0.944581,0.989163
1069,1,0,0.352271,0.368897
1070,1,0,0.418490,0.438242
1071,1,0,0.067235,0.070408
1072,1,1,0.807989,0.846124
1073,1,0,0.206744,0.216502
1074,1,1,1.039519,1.088582
1075,1,1,0.943674,0.988214
1076,1,1,0.998975,1.046125
1077,1,1,0.927526,0.971303
1078,1,1,0.878675,0.920147
1079,1,1,1.162629,1.217502
1080,1,1,1.191638,1.247881
1081,1,1,1.265203,1.324918
1082,1,1,1.358067,1.422164
1083,1,1,0.881797,0.923416
1084,1,1,0.816336,0.854865
1085,1,2,1.679873,1.759158
1086,1,1,0.555711,0.581939
1087,1,1,0.822342,0.861155
1088,1,1,1.179249,1.234906
1089,1,0,0.309314,0.323913
1090,1,1,1.029986,1.078599
1091,1,2,1.871939,1.960290
1092,1,0,0.025849,0.027069
1093,1,0,0.301472,0.315701
1094,1,2,2.413802,2.527728
1095,1,1,1.028150,1.076677
1096,1,0,0.041402,0.043356
1097,1,0,0.461283,0.483054
1098,1,0,0.484187,0.507039
1099,1,0,0.041261,0.043209
1100,1,0,0.489720,0.512833
1101,1,0,0.229115,0.239929
1102,1,2,2.160054,2.262004
1103,1,1,0.823972,0.862861
1104,1,1,1.020839,1.069020
1105,1,1,0.899991,0.942469
1106,1,1,0.935912,0.980084
1107,1,1,1.014556,1.062440
1108,1,0,0.214248,0.224360
1109,1,1,0.669293,0.700882
1110,1,1,0.861648,0.902316
1111,1,1,1.011914,1.059673
1112,1,1,0.957459,1.002649
1113,1,1,1.136207,1.189833
1114,1,1,1.058923,1.108902
1115,1,0,0.382959,0.401034
1116,1,1,0.913769,0.956897
1117,1,1,0.954490,0.999539
1118,1,1,0.915414,0.958619
1119,1,1,0.814566,0.853011
1120,1,1,0.892147,0.934254
1121,1,1,0.880383,0.921935
1122,1,1,0.933385,0.977439
1123,1,1,1.217392,1.274850
1124,1,1,0.931271,0.975225
1125,1,0,0.156247,0.163622
1126,1,1,0.892730,0.934865
1127,1,1,0.911589,0.954614
1128,1,1,0.896601,0.938919
1129,1,1,0.921812,0.965319
1130,1,1,1.459319,1.528195
1131,1,1,0.874164,0.915422
1132,1,2,1.835346,1.921970
1133,1,0,0.445377,0.466398
1134,1,1,0.859021,0.899565
1135,1,1,0.892654,0.934785
1136,1,1,0.944071,0.988629
1137,1,1,0.929354,0.973217
1138,1,2,1.619604,1.696046
1139,1,2,1.891540,1.980816
1140,1,1,1.429044,1.496492
1141,1,1,0.912509,0.955577
1142,1,2,1.710474,1.791204
1143,1,2,1.530067,1.602282
1144,1,0,0.123519,0.129349
1145,1,2,2.201617,2.305528
1146,1,1,1.254443,1.313650
1147,1,2,1.942409,2.034086
1148,1,1,0.899873,0.942345
1149,1,1,1.349940,1.413654
1150,1,1,0.527777,0.552687
1151,1,1,0.875399,0.916716
1152,1,1,0.625405,0.654922
1153,1,1,0.841246,0.880951
1154,1,1,0.876030,0.917376
1155,1,1,0.871469,0.912600
1156,1,1,0.827230,0.866274
1157,1,1,0.818563,0.857197
1158,1,1,0.865906,0.906774
1159,1,0,0.475998,0.498463
1160,1,1,0.956513,1.001658
1161,1,1,0.900013,0.942492
1162,1,0,0.156578,0.163968
1163,1,1,0.852077,0.892293
1164,1,1,0.710968,0.744524
1165,1,1,0.536873,0.562212
1166,1,1,0.597805,0.626020
1167,1,1,0.870782,0.911881
1168,1,0,0.381084,0.399070
1169,1,1,1.044831,1.094145
1170,1,1,0.846390,0.886337
1171,1,1,0.531710,0.556806
1172,1,0,0.162595,0.170269
1173,1,1,0.513602,0.537843
1174,1,1,0.792373,0.829771
1175,1,1,0.525413,0.550211
1176,1,1,1.089729,1.141162
1177,1,0,0.275401,0.288400
1178,1,1,0.853714,0.894008
1179,1,1,0.887283,0.929160
1180,1,1,0.886633,0.928480
1181,1,1,0.702254,0.735399
1182,1,0,0.205310,0.215001
1183,1,0,0.062256,0.065195
1184,1,2,2.147028,2.248363
1185,1,0,0.143366,0.150133
1186,1,0,0.392441,0.410963
1187,1,1,0.883730,0.925440
1188,1,2,1.558480,1.632036
1189,1,2,1.649909,1.727781
1190,1,1,0.688715,0.721221
1191,1,0,0.032484,0.034017
1192,1,0,0.057983,0.060719
1193,1,1,0.868800,0.909805
1194,1,1,0.862576,0.903288
1195,1,1,0.901397,0.943941
1196,1,0,0.192623,0.201715
1197,1,1,0.734349,0.769008
1198,1,1,0.874567,0.915845
1199,1,0,0.081010,0.084833
1200,1,1,0.872228,0.913395
1201,1,1,0.900064,0.942545
1202,1,1,0.881504,0.923109
1203,1,1,0.856976,0.897423
1204,1,1,0.868324,0.909307
1205,1,1,0.785049,0.822101
1206,1,1,1.044050,1.093327
1207,1,1,1.019952,1.068091
1208,1,1,0.863239,0.903982
1209,1,0,0.079134,0.082869
1210,1,1,0.935478,0.979630
1211,1,0,0.274748,0.287716
1212,1,1,0.949350,0.994157
1213,1,2,1.773419,1.857120
1214,1,1,0.926006,0.969712
1215,1,1,1.432748,1.500370
1216,1,1,0.573722,0.600800
1217,1,0,0.041916,0.043895
1218,1,2,1.987070,2.080855
1219,1,2,1.609815,1.685795
1220,1,1,0.875558,0.916882
1221,1,3,2.898857,3.035676
1222,1,0,0.443745,0.464688
1223,1,2,2.115248,2.215082
1224,1,1,0.762042,0.798009
1225,1,1,0.901591,0.944144
1226,1,1,0.805898,0.843934
1227,1,3,2.957940,3.097548
1228,1,1,0.599733,0.628038
1229,1,1,0.716592,0.750413
1230,1,1,0.706342,0.739680
1231,1,1,0.907940,0.950793
1232,1,3,2.699389,2.826793
1233,1,0,0.342048,0.358192
1234,1,0,0.492193,0.515423
1235,1,3,2.890505,3.026930
1236,1,0,0.167117,0.175004
1237,1,0,0.419551,0.439353
1238,1,0,0.355667,0.372453
1239,1,1,0.814974,0.853439
1240,1,2,2.168410,2.270754
1241,1,0,0.256735,0.268852
1242,1,0,0.275447,0.288448
1243,1,1,1.233433,1.291649
1244,1,1,0.666577,0.698038
1245,1,1,1.287425,1.348188
1246,1,1,1.033193,1.081957
1247,1,1,0.830935,0.870154
1248,1,0,0.494561,0.517903
1249,1,1,0.850046,0.890167
1250,1,1,0.943113,0.987625
1251,1,1,1.395189,1.461038
1252,1,1,0.797544,0.835186
1253,1,2,1.912277,2.002531
1254,1,1,0.724590,0.758789
1255,1,1,1.410930,1.477523
1256,1,1,0.567161,0.593929
1257,1,1,0.680122,0.712222
1258,1,1,0.978357,1.024533
1259,1,1,0.780801,0.817652
1260,1,1,0.854559,0.894893
1261,1,1,0.907727,0.950570
1262,1,0,0.387584,0.405877
1263,1,1,0.877602,0.919023
1264,1,1,0.607155,0.635812
1265,1,1,0.799564,0.837302
1266,1,2,1.892553,1.981877
1267,1,2,2.187649,2.290901
1268,1,1,0.673617,0.705410
1269,1,0,0.464465,0.486387
1270,1,1,0.909394,0.952315
1271,1,0,0.425796,0.445892
1272,1,0,0.103416,0.108297
1273,1,1,0.557846,0.584175
1274,1,0,0.254783,0.266808
1275,1,0,0.156199,0.163571
1276,1,0,0.158854,0.166352
1277,1,1,0.842386,0.882144
1278,1,2,1.930443,2.021555
1279,1,0,0.387554,0.405846
1280,1,1,0.985163,1.031661
1281,1,1,0.971383,1.017230
1282,1,1,0.769160,0.805463
1283,1,1,0.947796,0.992530
1284,1,2,1.702280,1.782623
1285,1,1,0.775355,0.811950
1286,1,1,1.059359,1.109358
1287,1,1,0.763359,0.799388
1288,1,1,0.725838,0.760095
1289,1,0,0.388518,0.406855
1290,1,1,1.039686,1.088757
1291,1,1,0.812901,0.851268
1292,1,0,0.059938,0.062767
1293,1,0,0.025030,0.026211
1294,1,0,0.401611,0.420566
1295,1,1,0.742942,0.778007
1296,1,1,0.878554,0.920020
1297,1,1,0.901391,0.943935
1298,1,1,0.554453,0.580621
1299,1,1,0.767494,0.803718
1300,1,2,1.967724,2.060596
1301,1,0,0.435855,0.456427
1302,1,0,0.222120,0.232603
1303,1,0,0.067752,0.070950
1304,1,1,0.821882,0.860672
1305,1,1,0.621921,0.651274
1306,1,1,0.623423,0.652847
1307,1,2,1.616902,1.693216
1308,1,1,0.955992,1.001113
1309,1,1,0.976857,1.022963
1310,1,1,0.836470,0.875950
1311,1,1,0.883893,0.925611
1312,1,1,0.892181,0.934290
1313,1,1,0.555251,0.581457
1314,1,2,1.697221,1.777325
1315,1,1,0.768197,0.804454
1316,1,1,1.453582,1.522187
1317,1,1,0.596904,0.625076
1318,1,3,2.758309,2.888495
1319,1,0,0.053507,0.056032
1320,1,0,0.055596,0.058220
1321,1,1,1.148379,1.202579
1322,1,1,0.868536,0.909529
1323,1,0,0.250222,0.262032
1324,1,0,0.046732,0.048938
1325,1,2,1.994172,2.088292
1326,1,1,0.796068,0.833640
1327,1,1,0.889269,0.931241
1328,1,1,0.562653,0.589208
1329,1,1,1.479437,1.549263
1330,1,1,1.327516,1.390172
1331,1,0,0.166758,0.174628
1332,1,0,0.345477,0.361783
1333,1,1,0.727651,0.761994
1334,1,0,0.342253,0.358406
1335,1,1,0.680130,0.712231
1336,1,0,0.359110,0.376059
1337,1,1,0.553399,0.579518
1338,1,1,0.846738,0.886702
1339,1,1,0.697261,0.730170
1340,1,0,0.461680,0.483470
1341,1,1,0.576266,0.603465
1342,1,1,0.925197,0.968864
1343,1,0,0.128711,0.134786
1344,1,1,0.763627,0.799668
1345,1,1,1.293307,1.354348
1346,1,2,1.943501,2.035229
1347,1,1,0.768452,0.804722
1348,1,1,1.107481,1.159752
1349,1,1,0.843035,0.882825
1350,1,1,0.796168,0.833745
1351,1,1,1.495809,1.566407
1352,1,1,0.782353,0.819278
1353,1,1,0.851971,0.892182
1354,1,0,0.383036,0.401115
1355,1,2,1.868606,1.956800
1356,1,1,0.764971,0.801076
1357,1,1,1.331092,1.393916
1358,1,0,0.273469,0.286376
1359,1,0,0.258902,0.271122
1360,1,1,0.769405,0.805719
1361,1,0,0.428019,0.448221
1362,1,1,0.652651,0.683455
1363,1,1,0.793749,0.831212
1364,1,0,0.041305,0.043254
1365,1,0,0.391778,0.410269
1366,1,1,0.826066,0.865054
1367,1,1,0.819132,0.857793
1368,1,1,0.784456,0.821480
1369,1,1,0.529604,0.554600
1370,1,0,0.050052,0.052414
1371,1,1,0.842713,0.882487
1372,1,0,0.280421,0.293656
1373,1,1,0.858126,0.898628
1374,1,0,0.382515,0.400569
1375,1,1,0.889116,0.931080
1376,1,1,0.933182,0.977226
1377,1,0,0.244751,0.256303
1378,1,1,0.945454,0.990077
1379,1,1,1.053267,1.102978
1380,1,1,0.505925,0.529804
1381,1,0,0.371021,0.388532
1382,1,0,0.134654,0.141009
1383,1,1,0.613163,0.642103
1384,1,1,0.873029,0.914233
1385,1,0,0.312564,0.327316
1386,1,1,0.827740,0.866808
1387,1,1,0.876232,0.917588
1388,1,1,0.917493,0.960796
1389,2,2,1.823940,1.910025
1390,2,3,2.891419,3.027887
1391,2,2,2.049000,2.145707
1392,2,1,1.396716,1.462638
1393,2,3,2.966141,3.106136
1394,2,3,2.598396,2.721035
1395,2,3,2.965344,3.105301
1396,2,3,2.923737,3.061730
1397,2,2,2.093680,2.192496
1398,2,2,2.059791,2.157008
1399,2,2,2.431897,2.546676
1400,2,2,1.816010,1.901722
1401,2,2,2.464195,2.580499
1402,2,2,1.726987,1.808497
1403,2,2,1.959456,2.051937
1404,2,2,2.367161,2.478885
1405,2,2,1.970343,2.063339
1406,2,2,2.219565,2.324323
1407,2,3,2.882478,3.018524
1408,2,3,2.665839,2.791661
1409,2,3,2.883480,3.019574
1410,2,2,1.983831,2.077463
1411,2,1,1.210280,1.267402
1412,2,2,2.024101,2.119634
1413,2,2,1.958834,2.051287
1414,2,2,1.946867,2.038754
1415,2,2,1.855240,1.942803
1416,2,2,2.085043,2.183452
1417,2,2,1.575197,1.649543
1418,2,2,1.929111,2.020161
1419,2,3,2.903685,3.040732
1420,2,3,2.766879,2.897469
1421,2,2,1.906671,1.996661
1422,2,2,1.846019,1.933146
1423,2,2,2.176572,2.279301
1424,2,2,1.970540,2.063544
1425,2,2,1.979341,2.072761
1426,2,2,2.000165,2.094568
1427,2,2,2.134418,2.235158
1428,2,2,1.875917,1.964456
1429,2,2,2.064944,2.162404
1430,2,2,1.977794,2.071141
1431,2,1,1.046932,1.096345
1432,2,3,2.777993,2.909108
1433,2,2,2.033756,2.129745
1434,2,2,2.057574,2.154686
1435,2,3,2.896753,3.033473
1436,2,3,2.547297,2.667524
1437,2,3,2.882643,3.018697
1438,2,3,2.854248,2.988962
1439,2,2,2.410544,2.524316
1440,2,3,2.512952,2.631557
1441,2,2,2.174865,2.277513
1442,2,2,1.653247,1.731276
1443,2,1,1.138026,1.191738
1444,2,2,1.978005,2.071362
1445,2,2,2.152299,2.253883
1446,2,1,1.330339,1.393127
1447,2,3,2.558108,2.678845
1448,2,3,2.545709,2.665860
1449,2,2,2.450527,2.566186
1450,2,3,2.969460,3.109612
1451,2,1,1.181029,1.236771
1452,2,2,1.943871,2.035617
1453,2,2,1.994926,2.089082
1454,2,3,2.567196,2.688361
1455,2,3,2.838648,2.972626
1456,2,2,1.850656,1.938002
1457,2,2,2.226567,2.331656
1458,2,2,2.339989,2.450431
1459,2,2,1.897424,1.986978
1460,2,1,0.765185,0.801300
1461,2,1,1.090674,1.142151
1462,2,2,1.990678,2.084633
1463,2,3,2.556821,2.677497
1464,2,2,2.068995,2.166647
1465,2,2,1.972439,2.065533
1466,2,3,2.966168,3.106164
1467,2,2,2.099850,2.198958
1468,2,2,1.536862,1.609398
1469,2,1,0.819387,0.858060
1470,2,0,0.159855,0.167399
1471,2,2,1.834247,1.920820
1472,2,2,1.743252,1.825530
1473,2,2,1.784682,1.868915
1474,2,2,1.589772,1.664806
1475,2,2,2.074201,2.172098
1476,2,1,1.344878,1.408353
1477,2,2,1.921042,2.011711
1478,2,2,2.024977,2.120551
1479,2,2,2.036963,2.133103
1480,2,2,2.011692,2.106639
1481,2,3,2.874713,3.010393
1482,2,1,1.106440,1.158661
1483,2,2,2.103602,2.202887
1484,2,2,1.850798,1.938152
1485,2,2,1.885727,1.974729
1486,2,2,1.988849,2.082718
1487,2,2,1.960956,2.053508
1488,2,2,2.113660,2.213420
1489,2,1,0.860533,0.901148
1490,2,2,1.974559,2.067754
1491,2,2,1.841526,1.928441
1492,2,1,0.932559,0.976574
1493,2,1,0.934290,0.978386
1494,2,2,1.757157,1.840090
1495,2,2,1.900832,1.990547
1496,2,1,0.975024,1.021043
1497,2,1,0.552141,0.578201
1498,2,3,2.782711,2.914048
1499,2,2,1.511836,1.583191
1500,2,1,0.598372,0.626614
1501,2,1,0.925459,0.969138
1502,2,3,2.911344,3.048753
1503,2,1,0.868797,0.909802
1504,2,1,0.861077,0.901718
1505,2,2,1.865793,1.953854
1506,2,2,1.917097,2.007579
1507,2,2,1.980134,2.073591
1508,2,2,2.173055,2.275618
1509,2,2,1.917981,2.008505
1510,2,1,0.983201,1.029606
1511,2,2,1.867067,1.955188
1512,2,2,1.767042,1.850442
1513,2,2,1.935834,2.027201
1514,2,1,1.030464,1.079100
1515,2,2,1.940297,2.031874
1516,2,2,2.001360,2.095820
1517,2,2,1.927291,2.018254
1518,2,2,1.989791,2.083704
1519,2,3,2.935604,3.074157
1520,2,3,2.898668,3.035478
1521,2,2,1.999321,2.093684
1522,2,3,2.873967,3.009611
1523,2,1,0.978479,1.024660
1524,2,3,2.676138,2.802446
1525,2,3,2.934225,3.072713
1526,2,2,1.817547,1.903331
1527,2,2,2.069515,2.167192
1528,2,3,2.747730,2.877416
1529,2,2,1.779213,1.863188
1530,2,1,1.021784,1.070010
1531,2,1,1.278061,1.338383
1532,2,2,1.654599,1.732692
1533,2,2,2.049798,2.146544
1534,2,1,0.932622,0.976639
1535,2,2,1.659051,1.737354
1536,2,3,2.767171,2.897775
1537,2,2,1.953501,2.045701
1538,2,3,2.623767,2.747603
1539,2,3,2.882392,3.018435
1540,2,1,1.454475,1.523123
1541,2,2,1.881720,1.970533
1542,2,3,2.924744,3.062785
1543,2,2,1.991799,2.085807
1544,2,2,1.889142,1.978305
1545,2,3,2.907003,3.044206
1546,2,3,2.637572,2.762059
1547,2,3,2.668972,2.794940
1548,2,2,2.057129,2.154220
1549,2,2,1.893262,1.982619
1550,2,2,2.072066,2.169863
1551,2,2,2.014299,2.109369
1552,2,2,2.026075,2.121701
1553,2,2,1.974742,2.067945
1554,2,1,1.267051,1.326853
1555,2,3,2.973602,3.113949
1556,2,3,2.824044,2.957332
1557,2,3,2.932694,3.071110
1558,2,3,2.904754,3.041852
1559,2,1,1.259897,1.319361
1560,2,2,2.132167,2.232800
1561,2,1,1.247111,1.305972
1562,2,3,2.637881,2.762383
1563,2,2,1.870783,1.959079
1564,2,3,2.597135,2.719713
1565,2,2,1.997325,2.091594
1566,3,3,2.925021,3.063075
1567,3,3,2.881334,3.017326
1568,3,3,2.963470,3.103339
1569,3,3,2.971495,3.111742
1570,3,3,2.956912,3.096471
1571,3,3,2.817487,2.950465
1572,3,3,2.936788,3.075397
1573,3,3,2.968956,3.109083
1574,3,2,2.086586,2.185068
1575,3,3,2.730055,2.858907
1576,3,3,2.943444,3.082367
1577,3,3,2.805528,2.937942
1578,3,3,2.971369,3.111611
1579,3,3,2.673337,2.799512
1580,3,2,2.429780,2.544460
1581,3,3,2.966962,3.106995
1582,3,2,2.093680,2.192496
1583,3,3,2.966331,3.106335
1584,3,3,2.967856,3.107932
1585,3,2,2.285398,2.393263
1586,3,3,2.962078,3.101881
1587,3,3,2.747349,2.877017
1588,3,2,2.431897,2.546676
1589,3,3,2.956676,3.096225
1590,3,2,1.936459,2.027855
1591,3,3,2.964030,3.103925
1592,3,3,2.958877,3.098529
1593,3,3,2.955453,3.094943
1594,3,3,2.607480,2.730547
1595,3,3,2.967765,3.107836
1596,3,3,2.968097,3.108184
1597,3,3,2.746147,2.875759
1598,3,2,1.980347,2.073815
1599,3,3,2.954085,3.093510
1600,3,3,2.971900,3.112167
1601,3,3,2.885655,3.021851
1602,3,3,2.660125,2.785676
1603,3,2,2.007269,2.102007
1604,3,3,2.932585,3.070997
1605,3,3,2.857209,2.992063
1606,3,2,2.227885,2.333035
1607,3,3,2.942051,3.080909
1608,3,1,1.384607,1.449958
1609,3,3,2.960324,3.100044
1610,3,3,2.966144,3.106139
1611,3,3,2.707464,2.835250
1612,3,2,2.233682,2.339106
1613,3,3,2.961514,3.101290
1614,3,3,2.891804,3.028290
1615,3,3,2.963868,3.103756
1616,3,3,2.971116,3.111346
1617,3,3,2.958266,3.097889
1618,3,3,2.963175,3.103030
1619,3,2,2.267477,2.374496
1620,3,2,2.351270,2.462245
1621,3,3,2.714430,2.842545
1622,3,3,2.964057,3.103953
1623,3,3,2.965970,3.105956
1624,3,3,2.969890,3.110062
1625,3,3,2.968412,3.108514
1626,3,3,2.937654,3.076304
1627,3,3,2.939358,3.078089
1628,3,3,2.677915,2.804307
1629,3,3,2.886039,3.022253
1630,3,3,2.616538,2.740032
1631,3,3,2.585658,2.707695
1632,3,3,2.634221,2.758550
1633,3,2,1.975064,2.068282
1634,3,1,1.209909,1.267014
1635,3,3,2.969619,3.109778
1636,3,3,2.954619,3.094070
1637,3,2,2.249989,2.356183
1638,3,3,2.963004,3.102851
1639,3,3,2.967153,3.107196
1640,3,2,2.043967,2.140437
1641,3,3,2.969608,3.109767
1642,3,2,2.355381,2.466550
1643,3,2,2.446800,2.562283
1644,3,2,2.287035,2.394977
1645,3,2,2.210389,2.314714
1646,3,2,2.376530,2.488697
1647,3,3,2.867122,3.002443
1648,3,2,2.435622,2.550577
1649,3,3,2.933409,3.071859
1650,3,3,2.795586,2.927531
1651,3,2,2.308409,2.417360
1652,3,2,2.424843,2.539290
1653,3,3,2.923010,3.060969
1654,3,3,2.736910,2.866085
1655,3,3,2.922336,3.060263
1656,3,3,2.902178,3.039154
1657,3,3,2.954194,3.093625
1658,3,3,2.957473,3.097059
1659,3,2,1.903353,1.993187
1660,3,3,2.963828,3.103713
1661,3,3,2.582013,2.703877
1662,3,3,2.909028,3.046327
1663,3,3,2.846768,2.981128
1664,3,3,2.974237,3.114614
1665,3,3,2.717245,2.845492
1666,3,3,2.969615,3.109774
1667,3,3,2.968833,3.108955
1668,3,3,2.965715,3.105690
1669,3,2,2.437227,2.552258
1670,3,3,2.953872,3.093287
1671,3,3,2.969874,3.110045
1672,3,3,2.964151,3.104052
1673,3,3,2.970611,3.110816
1674,3,3,2.961216,3.100979
1675,3,2,2.092757,2.191530
1676,3,3,2.843358,2.977557
1677,3,3,2.918464,3.056209
1678,3,2,1.942222,2.033890
1679,3,3,2.769295,2.899999
1680,3,2,2.040130,2.136420
1681,3,3,2.970254,3.110443
1682,3,3,2.971241,3.111476
1683,3,2,2.167821,2.270137
1684,3,2,2.486782,2.604152
1685,3,3,2.898597,3.035404
