checkpoint,folder,method,dataset,backbone,fold,load_ok,state_ok,json_found,metadata_ok,recorded_metric_ok,reeval_ok,error,reeval_error
outputs/FOROH_limuc/fold0.pt,outputs/FOROH_limuc,FOROH,limuc,resnet50,0,True,True,True,True,True,,,
outputs/FOROH_limuc_sslv0.5/fold0.pt,outputs/FOROH_limuc_sslv0.5,FOROH,limuc,resnet50,0,True,True,True,True,True,,,
outputs/batch128/exp19_ce_kneexray_densenet161/fold0.pt,outputs/batch128/exp19_ce_kneexray_densenet161,ce,kneexray,densenet161,0,True,True,True,True,True,,,
outputs/batch128/exp20_coral_kneexray_densenet161/fold0.pt,outputs/batch128/exp20_coral_kneexray_densenet161,coral,kneexray,densenet161,0,True,True,True,True,True,,,
outputs/batch128/exp21_mse_kneexray_densenet161/fold0.pt,outputs/batch128/exp21_mse_kneexray_densenet161,mse,kneexray,densenet161,0,True,True,True,True,True,,,
outputs/batch128/exp22_FOROH_kneexray_densenet161/fold0.pt,outputs/batch128/exp22_FOROH_kneexray_densenet161,FOROH,kneexray,densenet161,0,True,True,True,True,True,,,
outputs/batch128/exp23_FOROH_kneexray_boundary_densenet161/fold0.pt,outputs/batch128/exp23_FOROH_kneexray_boundary_densenet161,FOROH,kneexray,densenet161,0,True,True,True,True,True,,,
outputs/batch128/exp24_FOROH_kneexray_freq_densenet161/fold0.pt,outputs/batch128/exp24_FOROH_kneexray_freq_densenet161,FOROH,kneexray,densenet161,0,True,True,True,True,True,,,
outputs/exp19_ce_kneexray_densenet161/fold0.pt,outputs/exp19_ce_kneexray_densenet161,ce,kneexray,densenet161,0,True,True,True,True,True,,,
outputs/exp20_coral_kneexray_densenet161/fold0.pt,outputs/exp20_coral_kneexray_densenet161,coral,kneexray,densenet161,0,True,True,True,True,True,,,
outputs/exp21_mse_kneexray_densenet161/fold0.pt,outputs/exp21_mse_kneexray_densenet161,mse,kneexray,densenet161,0,True,True,True,True,True,,,
outputs/exp22_FOROH_kneexray_densenet161/fold0.pt,outputs/exp22_FOROH_kneexray_densenet161,FOROH,kneexray,densenet161,0,True,True,True,True,True,,,
outputs/exp23_FOROH_kneexray_boundary_densenet161/fold0.pt,outputs/exp23_FOROH_kneexray_boundary_densenet161,FOROH,kneexray,densenet161,0,True,True,True,True,True,,,
outputs/exp24_FOROH_kneexray_freq_densenet161/fold0.pt,outputs/exp24_FOROH_kneexray_freq_densenet161,FOROH,kneexray,densenet161,0,True,True,True,True,True,,,
outputs/exp2_ce_limuc_inception_v3/fold0.pt,outputs/exp2_ce_limuc_inception_v3,ce,limuc,inception_v3,0,True,True,True,True,True,,,
outputs/exp2_ce_limuc_inception_v3/fold1.pt,outputs/exp2_ce_limuc_inception_v3,ce,limuc,inception_v3,1,True,True,True,True,True,,,
outputs/exp2_ce_limuc_inception_v3/fold2.pt,outputs/exp2_ce_limuc_inception_v3,ce,limuc,inception_v3,2,True,True,True,True,True,,,
outputs/exp2_ce_limuc_inception_v3/fold3.pt,outputs/exp2_ce_limuc_inception_v3,ce,limuc,inception_v3,3,True,True,True,True,True,,,
outputs/exp2_ce_limuc_inception_v3/fold4.pt,outputs/exp2_ce_limuc_inception_v3,ce,limuc,inception_v3,4,True,True,True,True,True,,,
outputs/exp2_ce_limuc_inception_v3/fold5.pt,outputs/exp2_ce_limuc_inception_v3,ce,limuc,inception_v3,5,True,True,True,True,True,,,
outputs/exp2_ce_limuc_inception_v3/fold6.pt,outputs/exp2_ce_limuc_inception_v3,ce,limuc,inception_v3,6,True,True,True,True,True,,,
outputs/exp2_ce_limuc_inception_v3/fold7.pt,outputs/exp2_ce_limuc_inception_v3,ce,limuc,inception_v3,7,True,True,True,True,True,,,
outputs/exp2_ce_limuc_inception_v3/fold8.pt,outputs/exp2_ce_limuc_inception_v3,ce,limuc,inception_v3,8,True,True,True,True,True,,,
outputs/exp2_ce_limuc_inception_v3/fold9.pt,outputs/exp2_ce_limuc_inception_v3,ce,limuc,inception_v3,9,True,True,True,True,True,,,
outputs/limuc_iv3/exp2_ce_limuc_inception_v3/fold0.pt,outputs/limuc_iv3/exp2_ce_limuc_inception_v3,ce,limuc,inception_v3,0,True,True,True,True,True,,,
outputs/limuc_iv3/exp6_FOROH_limuc_inception_v3/fold0.pt,outputs/limuc_iv3/exp6_FOROH_limuc_inception_v3,FOROH,limuc,inception_v3,0,True,True,True,True,True,,,
outputs/limuc_iv3_fix/exp2_ce_limuc_inception_v3/fold0.pt,outputs/limuc_iv3_fix/exp2_ce_limuc_inception_v3,ce,limuc,inception_v3,0,True,True,True,True,True,,,
outputs/limuc_iv3_fix/exp3_coral_limuc_inception_v3/fold0.pt,outputs/limuc_iv3_fix/exp3_coral_limuc_inception_v3,coral,limuc,inception_v3,0,True,True,True,True,True,,,
outputs/limuc_iv3_fix/exp5_mse_limuc_inception_v3/fold0.pt,outputs/limuc_iv3_fix/exp5_mse_limuc_inception_v3,mse,limuc,inception_v3,0,True,True,True,True,True,,,
outputs/limuc_iv3_fix/exp6_FOROH_limuc_inception_v3/fold0.pt,outputs/limuc_iv3_fix/exp6_FOROH_limuc_inception_v3,FOROH,limuc,inception_v3,0,True,True,True,True,True,,,
outputs/lrhead_test/exp22_FOROH_kneexray_densenet161/fold0.pt,outputs/lrhead_test/exp22_FOROH_kneexray_densenet161,FOROH,kneexray,densenet161,0,True,True,True,True,True,,,
outputs/sin2_exp/aptos_CE/fold0.pt,outputs/sin2_exp/aptos_CE,ce,aptos,resnet50,0,True,True,True,,True,,,
outputs/sin2_exp/aptos_FOROH/fold0.pt,outputs/sin2_exp/aptos_FOROH,FOROH,aptos,resnet50,0,True,True,True,,True,,,
outputs/sin2_exp/aptos_FOROH_sin2/fold0.pt,outputs/sin2_exp/aptos_FOROH_sin2,FOROH,aptos,resnet50,0,True,True,True,,True,,,
outputs/sin2_exp/knee_CE/fold0.pt,outputs/sin2_exp/knee_CE,ce,kneexray,densenet161,0,True,True,True,,True,,,
outputs/sin2_exp/knee_FOROH/fold0.pt,outputs/sin2_exp/knee_FOROH,FOROH,kneexray,densenet161,0,True,True,True,,True,,,
outputs/sin2_exp/knee_FOROH_sin2/fold0.pt,outputs/sin2_exp/knee_FOROH_sin2,FOROH,kneexray,densenet161,0,True,True,True,,True,,,
outputs/sin2_exp/limuc_CE/fold0.pt,outputs/sin2_exp/limuc_CE,ce,limuc,resnet50,0,True,True,True,,True,,,
outputs/sin2_exp/limuc_FOROH/fold0.pt,outputs/sin2_exp/limuc_FOROH,FOROH,limuc,resnet50,0,True,True,True,,True,,,
outputs/sin2_exp/limuc_FOROH_sin2/fold0.pt,outputs/sin2_exp/limuc_FOROH_sin2,FOROH,limuc,resnet50,0,True,True,True,,True,,,
