sample_id,label,prediction
UC_patient_104_1.bmp,0,0
UC_patient_104_11.bmp,0,0
UC_patient_104_16.bmp,0,0
UC_patient_104_18.bmp,0,0
UC_patient_104_27.bmp,0,0
UC_patient_104_30.bmp,0,0
UC_patient_104_8.bmp,0,1
UC_patient_110_16.bmp,0,0
UC_patient_110_17.bmp,0,0
UC_patient_110_21.bmp,0,0
UC_patient_110_22.bmp,0,0
UC_patient_110_44.bmp,0,0
UC_patient_110_47.bmp,0,0
UC_patient_110_52.bmp,0,0
UC_patient_110_53.bmp,0,0
UC_patient_110_54.bmp,0,0
UC_patient_110_55.bmp,0,0
UC_patient_110_56.bmp,0,0
UC_patient_110_57.bmp,0,0
UC_patient_110_58.bmp,0,0
UC_patient_110_59.bmp,0,0
UC_patient_110_60.bmp,0,0
UC_patient_128_29.bmp,0,0
UC_patient_130_17.bmp,0,1
UC_patient_130_44.bmp,0,1
UC_patient_130_58.bmp,0,1
UC_patient_130_64.bmp,0,1
UC_patient_132_22.bmp,0,0
UC_patient_132_5.bmp,0,0
UC_patient_142_1.bmp,0,0
UC_patient_142_10.bmp,0,0
UC_patient_142_11.bmp,0,0
UC_patient_142_12.bmp,0,0
UC_patient_142_13.bmp,0,0
UC_patient_142_15.bmp,0,0
UC_patient_142_16.bmp,0,0
UC_patient_142_17.bmp,0,0
UC_patient_142_18.bmp,0,0
UC_patient_142_2.bmp,0,0
UC_patient_142_20.bmp,0,0
UC_patient_142_21.bmp,0,0
UC_patient_142_23.bmp,0,1
UC_patient_142_25.bmp,0,0
UC_patient_142_28.bmp,0,0
UC_patient_142_3.bmp,0,1
UC_patient_142_32.bmp,0,0
UC_patient_142_34.bmp,0,0
UC_patient_142_35.bmp,0,0
UC_patient_142_37.bmp,0,0
UC_patient_142_38.bmp,0,0
UC_patient_142_39.bmp,0,0
UC_patient_142_42.bmp,0,0
UC_patient_142_49.bmp,0,1
UC_patient_142_5.bmp,0,0
UC_patient_142_54.bmp,0,1
UC_patient_142_55.bmp,0,0
UC_patient_142_57.bmp,0,0
UC_patient_142_58.bmp,0,0
UC_patient_142_66.bmp,0,0
UC_patient_142_7.bmp,0,0
UC_patient_142_70.bmp,0,0
UC_patient_142_83.bmp,0,0
UC_patient_142_84.bmp,0,1
UC_patient_142_85.bmp,0,0
UC_patient_142_86.bmp,0,1
UC_patient_142_87.bmp,0,1
UC_patient_142_88.bmp,0,1
UC_patient_142_89.bmp,0,0
UC_patient_142_90.bmp,0,1
UC_patient_142_91.bmp,0,1
UC_patient_145_11.bmp,0,0
UC_patient_145_13.bmp,0,0
UC_patient_145_14.bmp,0,0
UC_patient_145_15.bmp,0,0
UC_patient_145_16.bmp,0,0
UC_patient_145_19.bmp,0,0
UC_patient_145_20.bmp,0,0
UC_patient_145_22.bmp,0,0
UC_patient_145_23.bmp,0,0
UC_patient_145_24.bmp,0,0
UC_patient_145_25.bmp,0,0
UC_patient_145_27.bmp,0,0
UC_patient_145_28.bmp,0,0
UC_patient_145_3.bmp,0,0
UC_patient_145_31.bmp,0,0
UC_patient_145_34.bmp,0,0
UC_patient_145_35.bmp,0,0
UC_patient_145_36.bmp,0,0
UC_patient_145_37.bmp,0,0
UC_patient_145_38.bmp,0,0
UC_patient_145_39.bmp,0,0
UC_patient_145_4.bmp,0,0
UC_patient_145_40.bmp,0,0
UC_patient_145_41.bmp,0,0
UC_patient_145_43.bmp,0,0
UC_patient_145_45.bmp,0,1
UC_patient_145_46.bmp,0,0
UC_patient_145_48.bmp,0,0
UC_patient_145_5.bmp,0,0
UC_patient_145_56.bmp,0,0
UC_patient_145_57.bmp,0,0
UC_patient_145_58.bmp,0,1
UC_patient_145_59.bmp,0,0
UC_patient_145_62.bmp,0,1
UC_patient_145_63.bmp,0,0
UC_patient_145_64.bmp,0,0
UC_patient_145_67.bmp,0,1
UC_patient_145_68.bmp,0,1
UC_patient_145_69.bmp,0,0
UC_patient_145_7.bmp,0,0
UC_patient_145_72.bmp,0,0
UC_patient_145_74.bmp,0,0
UC_patient_145_75.bmp,0,0
UC_patient_145_8.bmp,0,0
UC_patient_148_10.bmp,0,0
UC_patient_148_13.bmp,0,0
UC_patient_148_4.bmp,0,0
UC_patient_148_9.bmp,0,0
UC_patient_150_10.bmp,0,0
UC_patient_150_20.bmp,0,0
UC_patient_150_4.bmp,0,0
UC_patient_150_6.bmp,0,0
UC_patient_164_1.bmp,0,0
UC_patient_164_10.bmp,0,0
UC_patient_164_21.bmp,0,0
UC_patient_164_22.bmp,0,1
UC_patient_164_24.bmp,0,0
UC_patient_164_25.bmp,0,0
UC_patient_164_29.bmp,0,1
UC_patient_164_34.bmp,0,0
UC_patient_164_36.bmp,0,0
UC_patient_164_4.bmp,0,0
UC_patient_164_7.bmp,0,0
UC_patient_164_9.bmp,0,0
UC_patient_169_1.bmp,0,0
UC_patient_169_10.bmp,0,0
UC_patient_169_13.bmp,0,0
UC_patient_169_16.bmp,0,0
UC_patient_169_17.bmp,0,0
UC_patient_169_18.bmp,0,0
UC_patient_169_19.bmp,0,0
UC_patient_169_2.bmp,0,0
UC_patient_169_20.bmp,0,0
UC_patient_169_21.bmp,0,0
UC_patient_169_22.bmp,0,0
UC_patient_169_23.bmp,0,0
UC_patient_169_24.bmp,0,0
UC_patient_169_25.bmp,0,0
UC_patient_169_4.bmp,0,0
UC_patient_169_5.bmp,0,0
UC_patient_169_6.bmp,0,0
UC_patient_169_8.bmp,0,0
UC_patient_169_9.bmp,0,0
UC_patient_16_15.bmp,0,0
UC_patient_16_21.bmp,0,0
UC_patient_16_22.bmp,0,0
UC_patient_16_26.bmp,0,1
UC_patient_16_29.bmp,0,0
UC_patient_16_31.bmp,0,0
UC_patient_16_32.bmp,0,0
UC_patient_16_36.bmp,0,0
UC_patient_16_37.bmp,0,0
UC_patient_16_40.bmp,0,0
UC_patient_16_44.bmp,0,0
UC_patient_16_45.bmp,0,0
UC_patient_16_46.bmp,0,0
UC_patient_170_1.bmp,0,0
UC_patient_170_10.bmp,0,0
UC_patient_170_12.bmp,0,0
UC_patient_170_15.bmp,0,0
UC_patient_170_2.bmp,0,0
UC_patient_170_5.bmp,0,0
UC_patient_170_6.bmp,0,0
UC_patient_170_8.bmp,0,0
UC_patient_170_9.bmp,0,1
UC_patient_181_10.bmp,0,0
UC_patient_181_13.bmp,0,0
UC_patient_181_14.bmp,0,0
UC_patient_181_15.bmp,0,1
UC_patient_181_17.bmp,0,1
UC_patient_181_19.bmp,0,1
UC_patient_181_20.bmp,0,1
UC_patient_181_22.bmp,0,0
UC_patient_181_24.bmp,0,0
UC_patient_181_28.bmp,0,0
UC_patient_181_31.bmp,0,0
UC_patient_181_33.bmp,0,0
UC_patient_181_35.bmp,0,1
UC_patient_181_36.bmp,0,0
UC_patient_181_4.bmp,0,1
UC_patient_181_42.bmp,0,0
UC_patient_181_43.bmp,0,0
UC_patient_181_46.bmp,0,0
UC_patient_181_48.bmp,0,0
UC_patient_181_50.bmp,0,0
UC_patient_181_51.bmp,0,0
UC_patient_181_53.bmp,0,0
UC_patient_181_55.bmp,0,0
UC_patient_181_57.bmp,0,0
UC_patient_184_10.bmp,0,0
UC_patient_184_11.bmp,0,0
UC_patient_184_12.bmp,0,1
UC_patient_184_16.bmp,0,0
UC_patient_184_19.bmp,0,0
UC_patient_184_2.bmp,0,0
UC_patient_184_22.bmp,0,0
UC_patient_184_23.bmp,0,0
UC_patient_184_24.bmp,0,0
UC_patient_184_26.bmp,0,0
UC_patient_184_27.bmp,0,0
UC_patient_184_30.bmp,0,0
UC_patient_184_31.bmp,0,0
UC_patient_184_32.bmp,0,0
UC_patient_184_35.bmp,0,0
UC_patient_184_36.bmp,0,0
UC_patient_184_39.bmp,0,0
UC_patient_184_40.bmp,0,0
UC_patient_184_41.bmp,0,0
UC_patient_184_42.bmp,0,1
UC_patient_184_43.bmp,0,0
UC_patient_184_49.bmp,0,0
UC_patient_184_50.bmp,0,0
UC_patient_184_53.bmp,0,0
UC_patient_184_6.bmp,0,0
UC_patient_184_7.bmp,0,0
UC_patient_191_1.bmp,0,0
UC_patient_191_14.bmp,0,0
UC_patient_191_17.bmp,0,0
UC_patient_191_5.bmp,0,0
UC_patient_191_9.bmp,0,0
UC_patient_196_11.bmp,0,0
UC_patient_196_15.bmp,0,0
UC_patient_196_19.bmp,0,0
UC_patient_196_33.bmp,0,0
UC_patient_196_34.bmp,0,0
UC_patient_196_36.bmp,0,0
UC_patient_196_4.bmp,0,0
UC_patient_196_5.bmp,0,1
UC_patient_196_6.bmp,0,1
UC_patient_196_9.bmp,0,0
UC_patient_205_1.bmp,0,1
UC_patient_205_11.bmp,0,0
UC_patient_205_12.bmp,0,0
UC_patient_205_13.bmp,0,0
UC_patient_205_8.bmp,0,0
UC_patient_205_9.bmp,0,0
UC_patient_206_10.bmp,0,0
UC_patient_206_11.bmp,0,1
UC_patient_206_15.bmp,0,0
UC_patient_206_19.bmp,0,0
UC_patient_206_2.bmp,0,0
UC_patient_206_20.bmp,0,0
UC_patient_206_24.bmp,0,0
UC_patient_206_25.bmp,0,0
UC_patient_206_27.bmp,0,0
UC_patient_206_30.bmp,0,0
UC_patient_206_31.bmp,0,0
UC_patient_206_32.bmp,0,0
UC_patient_206_33.bmp,0,0
UC_patient_206_34.bmp,0,0
UC_patient_206_5.bmp,0,0
UC_patient_206_52.bmp,0,0
UC_patient_206_53.bmp,0,0
UC_patient_206_56.bmp,0,0
UC_patient_206_9.bmp,0,0
UC_patient_212_10.bmp,0,0
UC_patient_212_11.bmp,0,0
UC_patient_212_12.bmp,0,0
UC_patient_212_18.bmp,0,0
UC_patient_212_20.bmp,0,1
UC_patient_212_21.bmp,0,0
UC_patient_212_23.bmp,0,0
UC_patient_212_24.bmp,0,1
UC_patient_212_29.bmp,0,0
UC_patient_212_5.bmp,0,0
UC_patient_212_8.bmp,0,0
UC_patient_212_9.bmp,0,0
UC_patient_225_12.bmp,0,0
UC_patient_225_13.bmp,0,0
UC_patient_225_14.bmp,0,0
UC_patient_225_15.bmp,0,0
UC_patient_225_16.bmp,0,0
UC_patient_225_18.bmp,0,0
UC_patient_225_21.bmp,0,0
UC_patient_225_4.bmp,0,0
UC_patient_225_8.bmp,0,0
UC_patient_232_19.bmp,0,0
UC_patient_232_8.bmp,0,0
UC_patient_235_9.bmp,0,0
UC_patient_241_11.bmp,0,0
UC_patient_241_17.bmp,0,0
UC_patient_241_19.bmp,0,0
UC_patient_241_5.bmp,0,0
UC_patient_247_18.bmp,0,1
UC_patient_247_4.bmp,0,1
UC_patient_256_1.bmp,0,0
UC_patient_256_11.bmp,0,0
UC_patient_256_12.bmp,0,0
UC_patient_256_13.bmp,0,0
UC_patient_256_15.bmp,0,0
UC_patient_256_16.bmp,0,0
UC_patient_256_18.bmp,0,0
UC_patient_256_20.bmp,0,0
UC_patient_256_8.bmp,0,0
UC_patient_258_1.bmp,0,0
UC_patient_258_3.bmp,0,0
UC_patient_258_5.bmp,0,0
UC_patient_258_9.bmp,0,0
UC_patient_25_16.bmp,0,0
UC_patient_25_17.bmp,0,0
UC_patient_25_26.bmp,0,0
UC_patient_25_3.bmp,0,0
UC_patient_25_30.bmp,0,0
UC_patient_25_32.bmp,0,0
UC_patient_25_34.bmp,0,0
UC_patient_25_35.bmp,0,0
UC_patient_25_37.bmp,0,0
UC_patient_25_38.bmp,0,0
UC_patient_25_39.bmp,0,0
UC_patient_25_41.bmp,0,0
UC_patient_25_45.bmp,0,0
UC_patient_25_46.bmp,0,0
UC_patient_25_50.bmp,0,0
UC_patient_25_51.bmp,0,0
UC_patient_260_1.bmp,0,1
UC_patient_260_10.bmp,0,1
UC_patient_260_11.bmp,0,0
UC_patient_260_12.bmp,0,0
UC_patient_260_13.bmp,0,0
UC_patient_260_14.bmp,0,0
UC_patient_260_15.bmp,0,1
UC_patient_260_16.bmp,0,0
UC_patient_260_17.bmp,0,0
UC_patient_260_19.bmp,0,1
UC_patient_260_2.bmp,0,1
UC_patient_260_20.bmp,0,1
UC_patient_260_21.bmp,0,1
UC_patient_260_22.bmp,0,0
UC_patient_260_23.bmp,0,0
UC_patient_260_24.bmp,0,0
UC_patient_260_25.bmp,0,1
UC_patient_260_26.bmp,0,0
UC_patient_260_27.bmp,0,0
UC_patient_260_3.bmp,0,0
UC_patient_260_5.bmp,0,1
UC_patient_260_6.bmp,0,0
UC_patient_260_7.bmp,0,1
UC_patient_260_8.bmp,0,0
UC_patient_260_9.bmp,0,0
UC_patient_26_10.bmp,0,0
UC_patient_26_14.bmp,0,0
UC_patient_26_2.bmp,0,0
UC_patient_26_25.bmp,0,0
UC_patient_26_27.bmp,0,0
UC_patient_26_29.bmp,0,0
UC_patient_26_30.bmp,0,0
UC_patient_26_35.bmp,0,0
UC_patient_26_37.bmp,0,0
UC_patient_26_38.bmp,0,0
UC_patient_26_43.bmp,0,0
UC_patient_26_45.bmp,0,0
UC_patient_26_46.bmp,0,0
UC_patient_26_47.bmp,0,0
UC_patient_26_48.bmp,0,0
UC_patient_26_49.bmp,0,0
UC_patient_26_50.bmp,0,0
UC_patient_26_51.bmp,0,0
UC_patient_26_52.bmp,0,0
UC_patient_26_53.bmp,0,0
UC_patient_26_54.bmp,0,0
UC_patient_26_55.bmp,0,0
UC_patient_26_56.bmp,0,0
UC_patient_26_57.bmp,0,0
UC_patient_26_58.bmp,0,0
UC_patient_26_59.bmp,0,0
UC_patient_26_60.bmp,0,0
UC_patient_26_61.bmp,0,0
UC_patient_26_62.bmp,0,0
UC_patient_26_63.bmp,0,0
UC_patient_26_64.bmp,0,0
UC_patient_26_68.bmp,0,0
UC_patient_26_7.bmp,0,0
UC_patient_26_72.bmp,0,0
UC_patient_26_73.bmp,0,0
UC_patient_26_74.bmp,0,0
UC_patient_26_8.bmp,0,0
UC_patient_26_80.bmp,0,0
UC_patient_26_82.bmp,0,0
UC_patient_26_83.bmp,0,0
UC_patient_26_84.bmp,0,0
UC_patient_26_85.bmp,0,1
UC_patient_26_86.bmp,0,0
UC_patient_275_11.bmp,0,0
UC_patient_275_12.bmp,0,0
UC_patient_275_14.bmp,0,0
UC_patient_275_18.bmp,0,0
UC_patient_275_2.bmp,0,0
UC_patient_275_20.bmp,0,0
UC_patient_275_22.bmp,0,0
UC_patient_275_24.bmp,0,0
UC_patient_275_26.bmp,0,1
UC_patient_275_27.bmp,0,0
UC_patient_275_28.bmp,0,0
UC_patient_275_29.bmp,0,0
UC_patient_275_3.bmp,0,0
UC_patient_275_30.bmp,0,0
UC_patient_275_32.bmp,0,0
UC_patient_275_34.bmp,0,0
UC_patient_275_35.bmp,0,0
UC_patient_275_37.bmp,0,1
UC_patient_275_39.bmp,0,0
UC_patient_275_4.bmp,0,1
UC_patient_275_40.bmp,0,0
UC_patient_275_43.bmp,0,0
UC_patient_275_46.bmp,0,0
UC_patient_275_47.bmp,0,0
UC_patient_275_5.bmp,0,0
UC_patient_275_52.bmp,0,0
UC_patient_275_53.bmp,0,1
UC_patient_275_54.bmp,0,0
UC_patient_275_55.bmp,0,0
UC_patient_275_56.bmp,0,0
UC_patient_275_58.bmp,0,1
UC_patient_275_6.bmp,0,1
UC_patient_275_60.bmp,0,0
UC_patient_275_63.bmp,0,0
UC_patient_275_67.bmp,0,0
UC_patient_275_68.bmp,0,0
UC_patient_275_70.bmp,0,0
UC_patient_275_71.bmp,0,0
UC_patient_275_72.bmp,0,0
UC_patient_275_73.bmp,0,1
UC_patient_275_75.bmp,0,0
UC_patient_275_76.bmp,0,0
UC_patient_275_78.bmp,0,0
UC_patient_275_79.bmp,0,1
UC_patient_275_80.bmp,0,0
UC_patient_275_81.bmp,0,0
UC_patient_275_83.bmp,0,0
UC_patient_275_9.bmp,0,0
UC_patient_276_1.bmp,0,0
UC_patient_276_12.bmp,0,0
UC_patient_276_2.bmp,0,0
UC_patient_276_7.bmp,0,1
UC_patient_295_14.bmp,0,0
UC_patient_295_18.bmp,0,0
UC_patient_295_24.bmp,0,0
UC_patient_295_5.bmp,0,0
UC_patient_296_16.bmp,0,0
UC_patient_296_17.bmp,0,0
UC_patient_296_22.bmp,0,0
UC_patient_296_24.bmp,0,0
UC_patient_296_25.bmp,0,0
UC_patient_296_26.bmp,0,0
UC_patient_296_3.bmp,0,0
UC_patient_296_31.bmp,0,0
UC_patient_296_33.bmp,0,0
UC_patient_296_6.bmp,0,0
UC_patient_296_8.bmp,0,0
UC_patient_305_1.bmp,0,0
UC_patient_305_10.bmp,0,0
UC_patient_305_11.bmp,0,0
UC_patient_305_12.bmp,0,0
UC_patient_305_15.bmp,0,0
UC_patient_305_16.bmp,0,0
UC_patient_305_3.bmp,0,0
UC_patient_305_5.bmp,0,0
UC_patient_305_6.bmp,0,0
UC_patient_305_7.bmp,0,0
UC_patient_305_8.bmp,0,0
UC_patient_305_9.bmp,0,0
UC_patient_315_10.bmp,0,0
UC_patient_315_13.bmp,0,0
UC_patient_315_14.bmp,0,0
UC_patient_315_3.bmp,0,0
UC_patient_315_4.bmp,0,0
UC_patient_315_5.bmp,0,1
UC_patient_315_7.bmp,0,0
UC_patient_315_8.bmp,0,0
UC_patient_315_9.bmp,0,0
UC_patient_328_1.bmp,0,0
UC_patient_328_10.bmp,0,0
UC_patient_328_4.bmp,0,0
UC_patient_328_5.bmp,0,0
UC_patient_328_6.bmp,0,0
UC_patient_328_7.bmp,0,0
UC_patient_328_8.bmp,0,0
UC_patient_331_12.bmp,0,0
UC_patient_331_2.bmp,0,0
UC_patient_331_3.bmp,0,0
UC_patient_331_4.bmp,0,0
UC_patient_331_8.bmp,0,0
UC_patient_333_12.bmp,0,0
UC_patient_333_37.bmp,0,0
UC_patient_333_4.bmp,0,0
UC_patient_333_47.bmp,0,0
UC_patient_352_1.bmp,0,0
UC_patient_352_6.bmp,0,0
UC_patient_352_8.bmp,0,0
UC_patient_357_11.bmp,0,0
UC_patient_357_3.bmp,0,0
UC_patient_357_5.bmp,0,0
UC_patient_357_9.bmp,0,0
UC_patient_35_4.bmp,0,0
UC_patient_35_5.bmp,0,0
UC_patient_361_13.bmp,0,0
UC_patient_361_15.bmp,0,0
UC_patient_361_16.bmp,0,0
UC_patient_361_18.bmp,0,0
UC_patient_361_21.bmp,0,0
UC_patient_361_24.bmp,0,0
UC_patient_361_25.bmp,0,0
UC_patient_361_5.bmp,0,0
UC_patient_367_11.bmp,0,0
UC_patient_367_14.bmp,0,0
UC_patient_367_15.bmp,0,0
UC_patient_367_16.bmp,0,0
UC_patient_367_17.bmp,0,0
UC_patient_367_19.bmp,0,0
UC_patient_367_20.bmp,0,0
UC_patient_367_23.bmp,0,1
UC_patient_367_25.bmp,0,0
UC_patient_367_4.bmp,0,1
UC_patient_370_10.bmp,0,0
UC_patient_370_8.bmp,0,0
UC_patient_370_9.bmp,0,0
UC_patient_373_1.bmp,0,0
UC_patient_373_13.bmp,0,0
UC_patient_373_14.bmp,0,1
UC_patient_373_18.bmp,0,0
UC_patient_373_2.bmp,0,0
UC_patient_373_20.bmp,0,1
UC_patient_373_21.bmp,0,1
UC_patient_373_22.bmp,0,0
UC_patient_373_25.bmp,0,0
UC_patient_373_26.bmp,0,0
UC_patient_373_29.bmp,0,0
UC_patient_373_30.bmp,0,0
UC_patient_373_31.bmp,0,0
UC_patient_373_32.bmp,0,0
UC_patient_373_35.bmp,0,0
UC_patient_373_4.bmp,0,0
UC_patient_373_6.bmp,0,0
UC_patient_373_7.bmp,0,0
UC_patient_373_8.bmp,0,0
UC_patient_373_9.bmp,0,0
UC_patient_375_10.bmp,0,0
UC_patient_375_13.bmp,0,0
UC_patient_375_14.bmp,0,0
UC_patient_375_16.bmp,0,0
UC_patient_375_17.bmp,0,0
UC_patient_375_18.bmp,0,0
UC_patient_375_19.bmp,0,0
UC_patient_375_2.bmp,0,0
UC_patient_375_20.bmp,0,0
UC_patient_375_3.bmp,0,0
UC_patient_375_4.bmp,0,0
UC_patient_375_5.bmp,0,0
UC_patient_375_6.bmp,0,0
UC_patient_375_7.bmp,0,0
UC_patient_375_8.bmp,0,0
UC_patient_375_9.bmp,0,0
UC_patient_383_12.bmp,0,0
UC_patient_383_13.bmp,0,0
UC_patient_383_14.bmp,0,0
UC_patient_383_7.bmp,0,0
UC_patient_383_8.bmp,0,0
UC_patient_384_10.bmp,0,0
UC_patient_384_11.bmp,0,1
UC_patient_384_12.bmp,0,0
UC_patient_384_17.bmp,0,0
UC_patient_384_25.bmp,0,0
UC_patient_384_3.bmp,0,0
UC_patient_384_32.bmp,0,0
UC_patient_384_35.bmp,0,0
UC_patient_384_8.bmp,0,0
UC_patient_397_12.bmp,0,0
UC_patient_397_14.bmp,0,0
UC_patient_397_15.bmp,0,0
UC_patient_397_16.bmp,0,0
UC_patient_397_18.bmp,0,0
UC_patient_397_19.bmp,0,0
UC_patient_397_20.bmp,0,0
UC_patient_397_21.bmp,0,0
UC_patient_397_25.bmp,0,0
UC_patient_397_26.bmp,0,0
UC_patient_397_31.bmp,0,0
UC_patient_397_34.bmp,0,0
UC_patient_397_35.bmp,0,0
UC_patient_397_9.bmp,0,0
UC_patient_401_11.bmp,0,0
UC_patient_401_12.bmp,0,0
UC_patient_401_13.bmp,0,0
UC_patient_401_16.bmp,0,0
UC_patient_401_18.bmp,0,0
UC_patient_401_22.bmp,0,0
UC_patient_401_23.bmp,0,0
UC_patient_401_24.bmp,0,0
UC_patient_401_26.bmp,0,0
UC_patient_401_27.bmp,0,0
UC_patient_401_29.bmp,0,0
UC_patient_401_3.bmp,0,0
UC_patient_401_31.bmp,0,0
UC_patient_401_33.bmp,0,0
UC_patient_401_34.bmp,0,0
UC_patient_401_35.bmp,0,0
UC_patient_401_36.bmp,0,0
UC_patient_401_37.bmp,0,0
UC_patient_401_38.bmp,0,1
UC_patient_401_39.bmp,0,0
UC_patient_401_42.bmp,0,0
UC_patient_401_44.bmp,0,1
UC_patient_401_49.bmp,0,0
UC_patient_401_54.bmp,0,0
UC_patient_401_55.bmp,0,0
UC_patient_401_57.bmp,0,0
UC_patient_401_58.bmp,0,0
UC_patient_401_60.bmp,0,0
UC_patient_401_68.bmp,0,0
UC_patient_401_70.bmp,0,0
UC_patient_403_11.bmp,0,0
UC_patient_403_13.bmp,0,0
UC_patient_403_18.bmp,0,0
UC_patient_403_3.bmp,0,0
UC_patient_403_5.bmp,0,0
UC_patient_404_11.bmp,0,0
UC_patient_404_13.bmp,0,0
UC_patient_404_14.bmp,0,0
UC_patient_404_18.bmp,0,0
UC_patient_404_19.bmp,0,0
UC_patient_404_2.bmp,0,0
UC_patient_404_20.bmp,0,0
UC_patient_404_25.bmp,0,1
UC_patient_404_28.bmp,0,0
UC_patient_404_31.bmp,0,0
UC_patient_404_33.bmp,0,0
UC_patient_404_34.bmp,0,0
UC_patient_404_35.bmp,0,0
UC_patient_404_36.bmp,0,0
UC_patient_404_39.bmp,0,0
UC_patient_404_40.bmp,0,0
UC_patient_404_46.bmp,0,0
UC_patient_404_51.bmp,0,0
UC_patient_404_53.bmp,0,0
UC_patient_404_57.bmp,0,0
UC_patient_404_59.bmp,0,0
UC_patient_404_60.bmp,0,0
UC_patient_404_62.bmp,0,0
UC_patient_404_63.bmp,0,0
UC_patient_404_66.bmp,0,0
UC_patient_404_68.bmp,0,1
UC_patient_404_71.bmp,0,0
UC_patient_427_1.bmp,0,1
UC_patient_434_1.bmp,0,0
UC_patient_434_10.bmp,0,0
UC_patient_434_12.bmp,0,0
UC_patient_434_6.bmp,0,0
UC_patient_434_7.bmp,0,2
UC_patient_434_8.bmp,0,0
UC_patient_436_12.bmp,0,0
UC_patient_436_14.bmp,0,0
UC_patient_436_22.bmp,0,0
UC_patient_436_23.bmp,0,0
UC_patient_436_28.bmp,0,0
UC_patient_436_3.bmp,0,0
UC_patient_436_42.bmp,0,0
UC_patient_436_43.bmp,0,0
UC_patient_436_44.bmp,0,0
UC_patient_436_5.bmp,0,0
UC_patient_455_10.bmp,0,0
UC_patient_455_3.bmp,0,0
UC_patient_455_7.bmp,0,1
UC_patient_458_2.bmp,0,1
UC_patient_458_3.bmp,0,0
UC_patient_458_5.bmp,0,0
UC_patient_459_10.bmp,0,1
UC_patient_459_23.bmp,0,0
UC_patient_459_32.bmp,0,0
UC_patient_459_35.bmp,0,0
UC_patient_459_38.bmp,0,0
UC_patient_459_39.bmp,0,0
UC_patient_459_40.bmp,0,0
UC_patient_459_47.bmp,0,0
UC_patient_459_48.bmp,0,0
UC_patient_459_59.bmp,0,0
UC_patient_459_60.bmp,0,0
UC_patient_459_61.bmp,0,0
UC_patient_459_62.bmp,0,0
UC_patient_459_63.bmp,0,0
UC_patient_459_66.bmp,0,0
UC_patient_459_67.bmp,0,0
UC_patient_459_72.bmp,0,0
UC_patient_459_77.bmp,0,0
UC_patient_459_82.bmp,0,0
UC_patient_45_15.bmp,0,1
UC_patient_45_16.bmp,0,0
UC_patient_468_1.bmp,0,0
UC_patient_468_12.bmp,0,0
UC_patient_468_15.bmp,0,0
UC_patient_468_16.bmp,0,0
UC_patient_468_17.bmp,0,0
UC_patient_468_18.bmp,0,0
UC_patient_468_2.bmp,0,0
UC_patient_468_21.bmp,0,0
UC_patient_468_25.bmp,0,0
UC_patient_468_27.bmp,0,0
UC_patient_468_3.bmp,0,0
UC_patient_468_30.bmp,0,0
UC_patient_468_32.bmp,0,0
UC_patient_468_35.bmp,0,0
UC_patient_468_36.bmp,0,0
UC_patient_468_6.bmp,0,0
UC_patient_468_7.bmp,0,0
UC_patient_468_9.bmp,0,0
UC_patient_478_10.bmp,0,0
UC_patient_478_11.bmp,0,0
UC_patient_478_13.bmp,0,0
UC_patient_478_14.bmp,0,0
UC_patient_478_16.bmp,0,0
UC_patient_478_17.bmp,0,0
UC_patient_478_18.bmp,0,0
UC_patient_478_28.bmp,0,1
UC_patient_478_3.bmp,0,1
UC_patient_478_31.bmp,0,1
UC_patient_478_4.bmp,0,0
UC_patient_478_6.bmp,0,0
UC_patient_478_7.bmp,0,0
UC_patient_512_15.bmp,0,0
UC_patient_512_18.bmp,0,0
UC_patient_512_19.bmp,0,0
UC_patient_521_22.bmp,0,0
UC_patient_521_26.bmp,0,0
UC_patient_521_35.bmp,0,1
UC_patient_521_37.bmp,0,0
UC_patient_521_40.bmp,0,0
UC_patient_521_41.bmp,0,0
UC_patient_521_46.bmp,0,0
UC_patient_524_1.bmp,0,0
UC_patient_524_2.bmp,0,0
UC_patient_524_3.bmp,0,0
UC_patient_524_4.bmp,0,0
UC_patient_52_11.bmp,0,0
UC_patient_52_15.bmp,0,0
UC_patient_52_19.bmp,0,0
UC_patient_52_20.bmp,0,0
UC_patient_52_22.bmp,0,0
UC_patient_52_24.bmp,0,0
UC_patient_52_28.bmp,0,1
UC_patient_52_29.bmp,0,0
UC_patient_52_30.bmp,0,0
UC_patient_52_37.bmp,0,0
UC_patient_52_4.bmp,0,1
UC_patient_52_40.bmp,0,0
UC_patient_52_7.bmp,0,0
UC_patient_52_8.bmp,0,0
UC_patient_532_1.bmp,0,0
UC_patient_532_10.bmp,0,0
UC_patient_532_11.bmp,0,0
UC_patient_532_13.bmp,0,0
UC_patient_532_14.bmp,0,0
UC_patient_532_15.bmp,0,0
UC_patient_532_16.bmp,0,0
UC_patient_532_17.bmp,0,0
UC_patient_532_18.bmp,0,0
UC_patient_532_19.bmp,0,0
UC_patient_532_2.bmp,0,0
UC_patient_532_21.bmp,0,0
UC_patient_532_22.bmp,0,0
UC_patient_532_23.bmp,0,0
UC_patient_532_4.bmp,0,0
UC_patient_532_5.bmp,0,0
UC_patient_532_6.bmp,0,0
UC_patient_532_7.bmp,0,0
UC_patient_532_8.bmp,0,0
UC_patient_532_9.bmp,0,0
UC_patient_545_12.bmp,0,0
UC_patient_545_13.bmp,0,1
UC_patient_545_16.bmp,0,0
UC_patient_545_19.bmp,0,0
UC_patient_545_2.bmp,0,0
UC_patient_545_20.bmp,0,1
UC_patient_545_23.bmp,0,0
UC_patient_545_25.bmp,0,0
UC_patient_545_33.bmp,0,0
UC_patient_545_35.bmp,0,0
UC_patient_545_37.bmp,0,1
UC_patient_545_38.bmp,0,3
UC_patient_545_4.bmp,0,0
UC_patient_545_40.bmp,0,1
UC_patient_545_42.bmp,0,0
UC_patient_545_45.bmp,0,1
UC_patient_545_51.bmp,0,0
UC_patient_545_54.bmp,0,1
UC_patient_545_56.bmp,0,0
UC_patient_545_57.bmp,0,0
UC_patient_545_59.bmp,0,0
UC_patient_545_7.bmp,0,0
UC_patient_545_8.bmp,0,0
UC_patient_545_9.bmp,0,1
UC_patient_546_22.bmp,0,0
UC_patient_546_23.bmp,0,0
UC_patient_546_28.bmp,0,0
UC_patient_546_29.bmp,0,0
UC_patient_546_30.bmp,0,0
UC_patient_546_32.bmp,0,1
UC_patient_546_33.bmp,0,0
UC_patient_546_34.bmp,0,1
UC_patient_546_9.bmp,0,0
UC_patient_558_100.bmp,0,0
UC_patient_558_2.bmp,0,0
UC_patient_558_20.bmp,0,0
UC_patient_558_29.bmp,0,0
UC_patient_558_3.bmp,0,1
UC_patient_558_36.bmp,0,0
UC_patient_558_37.bmp,0,0
UC_patient_558_39.bmp,0,0
UC_patient_558_4.bmp,0,1
UC_patient_558_47.bmp,0,0
UC_patient_558_49.bmp,0,0
UC_patient_558_5.bmp,0,0
UC_patient_558_50.bmp,0,0
UC_patient_558_52.bmp,0,0
UC_patient_558_6.bmp,0,0
UC_patient_558_62.bmp,0,1
UC_patient_558_68.bmp,0,1
UC_patient_558_83.bmp,0,0
UC_patient_558_87.bmp,0,0
UC_patient_558_91.bmp,0,0
UC_patient_558_93.bmp,0,0
UC_patient_57_10.bmp,0,1
UC_patient_57_17.bmp,0,0
UC_patient_57_21.bmp,0,0
UC_patient_57_24.bmp,0,0
UC_patient_57_26.bmp,0,0
UC_patient_57_28.bmp,0,0
UC_patient_57_3.bmp,0,1
UC_patient_57_30.bmp,0,0
UC_patient_57_34.bmp,0,0
UC_patient_57_35.bmp,0,0
UC_patient_57_36.bmp,0,0
UC_patient_57_37.bmp,0,0
UC_patient_57_4.bmp,0,0
UC_patient_57_40.bmp,0,0
UC_patient_57_42.bmp,0,0
UC_patient_57_49.bmp,0,0
UC_patient_57_61.bmp,0,0
UC_patient_57_65.bmp,0,0
UC_patient_57_8.bmp,0,0
UC_patient_64_1.bmp,0,0
UC_patient_64_10.bmp,0,0
UC_patient_64_12.bmp,0,0
UC_patient_64_13.bmp,0,0
UC_patient_64_15.bmp,0,0
UC_patient_64_16.bmp,0,0
UC_patient_64_2.bmp,0,0
UC_patient_64_20.bmp,0,0
UC_patient_64_3.bmp,0,0
UC_patient_64_36.bmp,0,0
UC_patient_64_4.bmp,0,0
UC_patient_64_5.bmp,0,0
UC_patient_64_7.bmp,0,0
UC_patient_64_8.bmp,0,0
UC_patient_66_1.bmp,0,0
UC_patient_66_10.bmp,0,0
UC_patient_66_12.bmp,0,0
UC_patient_66_2.bmp,0,0
UC_patient_66_3.bmp,0,1
UC_patient_66_4.bmp,0,0
UC_patient_66_5.bmp,0,1
UC_patient_66_6.bmp,0,0
UC_patient_66_7.bmp,0,0
UC_patient_6_1.bmp,0,0
UC_patient_6_18.bmp,0,1
UC_patient_6_19.bmp,0,1
UC_patient_6_2.bmp,0,1
UC_patient_6_22.bmp,0,0
UC_patient_6_25.bmp,0,0
UC_patient_6_7.bmp,0,0
UC_patient_6_8.bmp,0,1
UC_patient_81_1.bmp,0,0
UC_patient_81_9.bmp,0,0
UC_patient_83_1.bmp,0,0
UC_patient_83_10.bmp,0,0
UC_patient_83_13.bmp,0,0
UC_patient_83_14.bmp,0,0
UC_patient_83_15.bmp,0,1
UC_patient_83_16.bmp,0,0
UC_patient_83_17.bmp,0,1
UC_patient_83_19.bmp,0,0
UC_patient_83_20.bmp,0,0
UC_patient_83_30.bmp,0,0
UC_patient_83_39.bmp,0,0
UC_patient_83_4.bmp,0,1
UC_patient_83_40.bmp,0,1
UC_patient_83_41.bmp,0,0
UC_patient_83_42.bmp,0,0
UC_patient_83_43.bmp,0,0
UC_patient_83_44.bmp,0,0
UC_patient_83_45.bmp,0,0
UC_patient_83_46.bmp,0,0
UC_patient_83_47.bmp,0,0
UC_patient_83_48.bmp,0,0
UC_patient_83_49.bmp,0,0
UC_patient_83_5.bmp,0,1
UC_patient_83_50.bmp,0,1
UC_patient_83_51.bmp,0,0
UC_patient_83_52.bmp,0,0
UC_patient_83_53.bmp,0,0
UC_patient_83_54.bmp,0,0
UC_patient_83_55.bmp,0,0
UC_patient_83_7.bmp,0,0
UC_patient_83_8.bmp,0,0
UC_patient_83_9.bmp,0,0
UC_patient_90_22.bmp,0,0
UC_patient_90_27.bmp,0,0
UC_patient_90_32.bmp,0,0
UC_patient_90_34.bmp,0,0
UC_patient_90_40.bmp,0,0
UC_patient_90_43.bmp,0,0
UC_patient_90_46.bmp,0,0
UC_patient_90_50.bmp,0,0
UC_patient_90_58.bmp,0,0
UC_patient_90_60.bmp,0,0
UC_patient_90_65.bmp,0,0
UC_patient_90_7.bmp,0,0
UC_patient_104_10.bmp,1,1
UC_patient_104_13.bmp,1,0
UC_patient_104_14.bmp,1,1
UC_patient_104_15.bmp,1,2
UC_patient_104_19.bmp,1,1
UC_patient_104_21.bmp,1,1
UC_patient_104_31.bmp,1,1
UC_patient_104_6.bmp,1,1
UC_patient_110_26.bmp,1,1
UC_patient_110_33.bmp,1,0
UC_patient_110_34.bmp,1,1
UC_patient_110_45.bmp,1,0
UC_patient_110_46.bmp,1,0
UC_patient_110_50.bmp,1,0
UC_patient_110_62.bmp,1,1
UC_patient_128_15.bmp,1,1
UC_patient_128_16.bmp,1,1
UC_patient_128_19.bmp,1,1
UC_patient_128_20.bmp,1,1
UC_patient_128_21.bmp,1,0
UC_patient_128_24.bmp,1,1
UC_patient_128_26.bmp,1,1
UC_patient_128_27.bmp,1,1
UC_patient_128_30.bmp,1,0
UC_patient_128_32.bmp,1,0
UC_patient_128_35.bmp,1,1
UC_patient_128_37.bmp,1,0
UC_patient_128_8.bmp,1,1
UC_patient_130_16.bmp,1,0
UC_patient_130_34.bmp,1,2
UC_patient_130_5.bmp,1,1
UC_patient_130_50.bmp,1,1
UC_patient_142_4.bmp,1,0
UC_patient_142_43.bmp,1,1
UC_patient_142_44.bmp,1,1
UC_patient_142_45.bmp,1,0
UC_patient_142_47.bmp,1,1
UC_patient_142_51.bmp,1,1
UC_patient_142_52.bmp,1,1
UC_patient_142_56.bmp,1,1
UC_patient_142_59.bmp,1,1
UC_patient_142_6.bmp,1,1
UC_patient_142_64.bmp,1,1
UC_patient_145_54.bmp,1,0
UC_patient_145_66.bmp,1,0
UC_patient_145_70.bmp,1,1
UC_patient_145_76.bmp,1,2
UC_patient_145_78.bmp,1,1
UC_patient_148_1.bmp,1,1
UC_patient_148_12.bmp,1,2
UC_patient_148_14.bmp,1,2
UC_patient_148_19.bmp,1,1
UC_patient_148_2.bmp,1,2
UC_patient_148_3.bmp,1,0
UC_patient_148_6.bmp,1,1
UC_patient_148_7.bmp,1,2
UC_patient_161_2.bmp,1,1
UC_patient_169_11.bmp,1,0
UC_patient_169_14.bmp,1,2
UC_patient_169_7.bmp,1,2
UC_patient_16_33.bmp,1,1
UC_patient_16_34.bmp,1,1
UC_patient_181_11.bmp,1,1
UC_patient_181_12.bmp,1,1
UC_patient_181_16.bmp,1,1
UC_patient_181_2.bmp,1,1
UC_patient_181_21.bmp,1,1
UC_patient_181_25.bmp,1,1
UC_patient_181_26.bmp,1,1
UC_patient_181_29.bmp,1,1
UC_patient_181_39.bmp,1,0
UC_patient_181_52.bmp,1,1
UC_patient_181_54.bmp,1,0
UC_patient_181_58.bmp,1,0
UC_patient_181_6.bmp,1,1
UC_patient_181_7.bmp,1,1
UC_patient_181_9.bmp,1,1
UC_patient_184_15.bmp,1,0
UC_patient_184_17.bmp,1,0
UC_patient_184_29.bmp,1,1
UC_patient_184_33.bmp,1,1
UC_patient_184_4.bmp,1,0
UC_patient_184_44.bmp,1,1
UC_patient_184_47.bmp,1,1
UC_patient_184_5.bmp,1,0
UC_patient_184_51.bmp,1,1
UC_patient_184_8.bmp,1,0
UC_patient_191_2.bmp,1,0
UC_patient_191_6.bmp,1,1
UC_patient_196_29.bmp,1,0
UC_patient_196_38.bmp,1,1
UC_patient_205_14.bmp,1,1
UC_patient_205_16.bmp,1,1
UC_patient_205_2.bmp,1,1
UC_patient_205_5.bmp,1,1
UC_patient_205_7.bmp,1,1
UC_patient_206_35.bmp,1,1
UC_patient_206_41.bmp,1,0
UC_patient_206_42.bmp,1,0
UC_patient_206_43.bmp,1,1
UC_patient_206_44.bmp,1,2
UC_patient_206_45.bmp,1,1
UC_patient_206_47.bmp,1,0
UC_patient_206_49.bmp,1,0
UC_patient_206_54.bmp,1,1
UC_patient_206_55.bmp,1,2
UC_patient_206_57.bmp,1,1
UC_patient_212_1.bmp,1,0
UC_patient_212_6.bmp,1,1
UC_patient_225_1.bmp,1,1
UC_patient_225_10.bmp,1,1
UC_patient_225_11.bmp,1,1
UC_patient_225_20.bmp,1,1
UC_patient_225_25.bmp,1,2
UC_patient_225_27.bmp,1,1
UC_patient_225_29.bmp,1,1
UC_patient_225_3.bmp,1,1
UC_patient_225_32.bmp,1,1
UC_patient_225_36.bmp,1,1
UC_patient_225_40.bmp,1,1
UC_patient_225_45.bmp,1,1
UC_patient_225_46.bmp,1,1
UC_patient_225_5.bmp,1,1
UC_patient_225_7.bmp,1,1
UC_patient_225_9.bmp,1,0
UC_patient_232_10.bmp,1,0
UC_patient_232_12.bmp,1,1
UC_patient_232_13.bmp,1,0
UC_patient_232_9.bmp,1,0
UC_patient_235_1.bmp,1,1
UC_patient_235_10.bmp,1,0
UC_patient_235_13.bmp,1,0
UC_patient_235_17.bmp,1,1
UC_patient_241_18.bmp,1,0
UC_patient_241_21.bmp,1,1
UC_patient_241_22.bmp,1,1
UC_patient_241_23.bmp,1,1
UC_patient_241_24.bmp,1,1
UC_patient_241_25.bmp,1,2
UC_patient_241_26.bmp,1,2
UC_patient_241_28.bmp,1,1
UC_patient_241_4.bmp,1,0
UC_patient_247_1.bmp,1,1
UC_patient_247_5.bmp,1,1
UC_patient_247_7.bmp,1,1
UC_patient_256_3.bmp,1,0
UC_patient_258_2.bmp,1,0
UC_patient_26_36.bmp,1,1
UC_patient_26_76.bmp,1,0
UC_patient_275_1.bmp,1,1
UC_patient_275_23.bmp,1,1
UC_patient_275_31.bmp,1,1
UC_patient_275_38.bmp,1,1
UC_patient_275_41.bmp,1,0
UC_patient_275_45.bmp,1,1
UC_patient_275_49.bmp,1,1
UC_patient_275_66.bmp,1,1
UC_patient_275_7.bmp,1,1
UC_patient_275_74.bmp,1,0
UC_patient_275_8.bmp,1,2
UC_patient_276_10.bmp,1,1
UC_patient_276_11.bmp,1,0
UC_patient_276_3.bmp,1,1
UC_patient_276_5.bmp,1,1
UC_patient_276_8.bmp,1,1
UC_patient_279_5.bmp,1,1
UC_patient_279_7.bmp,1,1
UC_patient_279_8.bmp,1,0
UC_patient_279_9.bmp,1,0
UC_patient_295_28.bmp,1,0
UC_patient_295_3.bmp,1,2
UC_patient_296_10.bmp,1,1
UC_patient_296_27.bmp,1,0
UC_patient_296_29.bmp,1,1
UC_patient_296_32.bmp,1,0
UC_patient_296_7.bmp,1,0
UC_patient_305_14.bmp,1,1
UC_patient_305_2.bmp,1,2
UC_patient_315_15.bmp,1,1
UC_patient_315_17.bmp,1,1
UC_patient_315_6.bmp,1,1
UC_patient_331_1.bmp,1,1
UC_patient_331_10.bmp,1,1
UC_patient_331_11.bmp,1,0
UC_patient_331_13.bmp,1,1
UC_patient_331_14.bmp,1,1
UC_patient_331_15.bmp,1,1
UC_patient_331_16.bmp,1,1
UC_patient_331_17.bmp,1,0
UC_patient_331_18.bmp,1,1
UC_patient_331_19.bmp,1,0
UC_patient_331_20.bmp,1,1
UC_patient_331_21.bmp,1,1
UC_patient_331_22.bmp,1,1
UC_patient_331_23.bmp,1,1
UC_patient_331_24.bmp,1,1
UC_patient_331_25.bmp,1,1
UC_patient_331_26.bmp,1,1
UC_patient_331_27.bmp,1,1
UC_patient_331_28.bmp,1,1
UC_patient_331_29.bmp,1,1
UC_patient_331_30.bmp,1,1
UC_patient_331_31.bmp,1,1
UC_patient_331_32.bmp,1,1
UC_patient_331_33.bmp,1,0
UC_patient_331_34.bmp,1,2
UC_patient_331_35.bmp,1,0
UC_patient_331_36.bmp,1,1
UC_patient_331_37.bmp,1,0
UC_patient_331_38.bmp,1,1
UC_patient_331_5.bmp,1,1
UC_patient_331_6.bmp,1,1
UC_patient_331_7.bmp,1,1
UC_patient_333_10.bmp,1,2
UC_patient_333_15.bmp,1,1
UC_patient_333_27.bmp,1,0
UC_patient_333_9.bmp,1,1
UC_patient_361_1.bmp,1,1
UC_patient_361_14.bmp,1,0
UC_patient_361_17.bmp,1,0
UC_patient_361_2.bmp,1,1
UC_patient_361_27.bmp,1,0
UC_patient_365_2.bmp,1,1
UC_patient_365_4.bmp,1,1
UC_patient_365_5.bmp,1,1
UC_patient_367_10.bmp,1,0
UC_patient_367_12.bmp,1,1
UC_patient_367_2.bmp,1,1
UC_patient_367_3.bmp,1,1
UC_patient_367_5.bmp,1,1
UC_patient_367_6.bmp,1,0
UC_patient_367_7.bmp,1,1
UC_patient_367_8.bmp,1,1
UC_patient_373_19.bmp,1,1
UC_patient_373_5.bmp,1,0
UC_patient_383_6.bmp,1,0
UC_patient_384_13.bmp,1,1
UC_patient_384_15.bmp,1,0
UC_patient_384_30.bmp,1,0
UC_patient_384_5.bmp,1,1
UC_patient_384_6.bmp,1,0
UC_patient_384_9.bmp,1,0
UC_patient_401_21.bmp,1,2
UC_patient_401_32.bmp,1,0
UC_patient_401_40.bmp,1,0
UC_patient_401_43.bmp,1,0
UC_patient_401_56.bmp,1,0
UC_patient_401_62.bmp,1,1
UC_patient_401_72.bmp,1,1
UC_patient_401_76.bmp,1,1
UC_patient_401_8.bmp,1,1
UC_patient_401_9.bmp,1,2
UC_patient_403_10.bmp,1,0
UC_patient_403_6.bmp,1,2
UC_patient_403_7.bmp,1,1
UC_patient_403_8.bmp,1,0
UC_patient_404_10.bmp,1,0
UC_patient_404_17.bmp,1,0
UC_patient_404_21.bmp,1,0
UC_patient_404_22.bmp,1,2
UC_patient_404_24.bmp,1,1
UC_patient_404_26.bmp,1,0
UC_patient_404_29.bmp,1,0
UC_patient_404_37.bmp,1,1
UC_patient_404_4.bmp,1,1
UC_patient_404_42.bmp,1,0
UC_patient_404_44.bmp,1,0
UC_patient_404_5.bmp,1,0
UC_patient_404_50.bmp,1,1
UC_patient_404_54.bmp,1,1
UC_patient_404_55.bmp,1,0
UC_patient_404_58.bmp,1,0
UC_patient_404_61.bmp,1,1
UC_patient_404_65.bmp,1,1
UC_patient_404_67.bmp,1,0
UC_patient_404_69.bmp,1,0
UC_patient_404_7.bmp,1,1
UC_patient_404_70.bmp,1,1
UC_patient_404_9.bmp,1,1
UC_patient_429_5.bmp,1,1
UC_patient_434_9.bmp,1,0
UC_patient_436_34.bmp,1,1
UC_patient_436_38.bmp,1,2
UC_patient_436_46.bmp,1,1
UC_patient_436_6.bmp,1,0
UC_patient_436_7.bmp,1,1
UC_patient_436_9.bmp,1,0
UC_patient_44_16.bmp,1,1
UC_patient_44_5.bmp,1,2
UC_patient_44_7.bmp,1,1
UC_patient_455_2.bmp,1,2
UC_patient_458_1.bmp,1,0
UC_patient_458_4.bmp,1,0
UC_patient_458_7.bmp,1,1
UC_patient_459_14.bmp,1,2
UC_patient_459_2.bmp,1,1
UC_patient_459_28.bmp,1,1
UC_patient_459_29.bmp,1,1
UC_patient_459_3.bmp,1,1
UC_patient_459_31.bmp,1,0
UC_patient_459_36.bmp,1,0
UC_patient_459_37.bmp,1,1
UC_patient_459_4.bmp,1,1
UC_patient_459_41.bmp,1,0
UC_patient_459_43.bmp,1,1
UC_patient_459_44.bmp,1,1
UC_patient_459_49.bmp,1,2
UC_patient_459_5.bmp,1,1
UC_patient_459_50.bmp,1,0
UC_patient_459_52.bmp,1,1
UC_patient_459_54.bmp,1,1
UC_patient_459_55.bmp,1,0
UC_patient_459_57.bmp,1,0
UC_patient_459_58.bmp,1,1
UC_patient_459_69.bmp,1,1
UC_patient_459_8.bmp,1,2
UC_patient_45_1.bmp,1,0
UC_patient_45_14.bmp,1,1
UC_patient_45_18.bmp,1,2
UC_patient_45_21.bmp,1,0
UC_patient_478_1.bmp,1,1
UC_patient_478_20.bmp,1,2
UC_patient_478_22.bmp,1,2
UC_patient_478_23.bmp,1,0
UC_patient_478_32.bmp,1,0
UC_patient_478_33.bmp,1,1
UC_patient_478_35.bmp,1,1
UC_patient_478_37.bmp,1,1
UC_patient_478_40.bmp,1,1
UC_patient_478_42.bmp,1,1
UC_patient_478_43.bmp,1,2
UC_patient_483_2.bmp,1,1
UC_patient_483_4.bmp,1,1
UC_patient_512_11.bmp,1,1
UC_patient_512_14.bmp,1,0
UC_patient_512_17.bmp,1,1
UC_patient_512_3.bmp,1,1
UC_patient_512_4.bmp,1,1
UC_patient_512_8.bmp,1,0
UC_patient_521_29.bmp,1,0
UC_patient_521_43.bmp,1,0
UC_patient_521_7.bmp,1,1
UC_patient_52_10.bmp,1,3
UC_patient_52_12.bmp,1,0
UC_patient_52_13.bmp,1,1
UC_patient_52_14.bmp,1,1
UC_patient_52_18.bmp,1,0
UC_patient_52_31.bmp,1,0
UC_patient_52_32.bmp,1,2
UC_patient_52_34.bmp,1,1
UC_patient_52_35.bmp,1,1
UC_patient_52_39.bmp,1,1
UC_patient_52_41.bmp,1,1
UC_patient_52_5.bmp,1,1
UC_patient_532_12.bmp,1,0
UC_patient_545_10.bmp,1,1
UC_patient_545_11.bmp,1,2
UC_patient_545_14.bmp,1,1
UC_patient_545_26.bmp,1,2
UC_patient_545_27.bmp,1,1
UC_patient_545_3.bmp,1,1
UC_patient_545_30.bmp,1,1
UC_patient_545_44.bmp,1,1
UC_patient_545_5.bmp,1,0
UC_patient_545_52.bmp,1,0
UC_patient_545_60.bmp,1,1
UC_patient_546_13.bmp,1,1
UC_patient_546_19.bmp,1,0
UC_patient_546_2.bmp,1,0
UC_patient_546_20.bmp,1,0
UC_patient_546_21.bmp,1,1
UC_patient_546_24.bmp,1,1
UC_patient_546_26.bmp,1,1
UC_patient_546_27.bmp,1,1
UC_patient_546_36.bmp,1,1
UC_patient_546_7.bmp,1,2
UC_patient_558_16.bmp,1,0
UC_patient_558_19.bmp,1,0
UC_patient_558_21.bmp,1,0
UC_patient_558_24.bmp,1,1
UC_patient_558_25.bmp,1,0
UC_patient_558_30.bmp,1,0
UC_patient_558_31.bmp,1,1
UC_patient_558_41.bmp,1,2
UC_patient_558_42.bmp,1,1
UC_patient_558_44.bmp,1,1
UC_patient_558_46.bmp,1,1
UC_patient_558_54.bmp,1,1
UC_patient_558_55.bmp,1,0
UC_patient_558_57.bmp,1,1
UC_patient_558_59.bmp,1,0
UC_patient_558_60.bmp,1,1
UC_patient_558_65.bmp,1,1
UC_patient_558_71.bmp,1,2
UC_patient_558_76.bmp,1,0
UC_patient_558_77.bmp,1,0
UC_patient_558_8.bmp,1,1
UC_patient_558_81.bmp,1,1
UC_patient_558_84.bmp,1,0
UC_patient_558_85.bmp,1,1
UC_patient_558_88.bmp,1,2
UC_patient_558_89.bmp,1,0
UC_patient_558_90.bmp,1,0
UC_patient_558_92.bmp,1,0
UC_patient_558_98.bmp,1,1
UC_patient_558_99.bmp,1,1
UC_patient_57_16.bmp,1,0
UC_patient_57_46.bmp,1,0
UC_patient_57_5.bmp,1,0
UC_patient_57_52.bmp,1,0
UC_patient_57_55.bmp,1,0
UC_patient_57_60.bmp,1,1
UC_patient_57_7.bmp,1,0
UC_patient_57_70.bmp,1,0
UC_patient_57_72.bmp,1,0
UC_patient_64_22.bmp,1,0
UC_patient_64_23.bmp,1,0
UC_patient_64_24.bmp,1,1
UC_patient_64_25.bmp,1,0
UC_patient_64_27.bmp,1,1
UC_patient_64_30.bmp,1,1
UC_patient_64_31.bmp,1,0
UC_patient_64_33.bmp,1,0
UC_patient_64_34.bmp,1,1
UC_patient_64_35.bmp,1,1
UC_patient_66_13.bmp,1,0
UC_patient_66_14.bmp,1,2
UC_patient_66_15.bmp,1,2
UC_patient_66_16.bmp,1,1
UC_patient_6_13.bmp,1,0
UC_patient_6_15.bmp,1,2
UC_patient_6_21.bmp,1,1
UC_patient_6_4.bmp,1,0
UC_patient_81_10.bmp,1,0
UC_patient_81_11.bmp,1,1
UC_patient_81_12.bmp,1,1
UC_patient_81_13.bmp,1,1
UC_patient_81_3.bmp,1,1
UC_patient_81_7.bmp,1,1
UC_patient_81_8.bmp,1,0
UC_patient_83_26.bmp,1,0
UC_patient_83_29.bmp,1,1
UC_patient_90_12.bmp,1,0
UC_patient_90_21.bmp,1,1
UC_patient_90_39.bmp,1,0
UC_patient_90_52.bmp,1,0
UC_patient_90_59.bmp,1,0
UC_patient_96_1.bmp,1,0
UC_patient_96_11.bmp,1,1
UC_patient_96_12.bmp,1,0
UC_patient_96_13.bmp,1,1
UC_patient_96_15.bmp,1,1
UC_patient_96_18.bmp,1,1
UC_patient_96_21.bmp,1,1
UC_patient_96_22.bmp,1,1
UC_patient_96_26.bmp,1,0
UC_patient_96_27.bmp,1,0
UC_patient_96_28.bmp,1,0
UC_patient_96_3.bmp,1,1
UC_patient_96_30.bmp,1,1
UC_patient_96_4.bmp,1,1
UC_patient_96_6.bmp,1,1
UC_patient_96_7.bmp,1,1
UC_patient_96_9.bmp,1,1
UC_patient_104_37.bmp,2,2
UC_patient_110_14.bmp,2,3
UC_patient_110_20.bmp,2,1
UC_patient_110_23.bmp,2,2
UC_patient_114_2.bmp,2,3
UC_patient_114_5.bmp,2,2
UC_patient_114_7.bmp,2,0
UC_patient_130_12.bmp,2,3
UC_patient_130_20.bmp,2,1
UC_patient_130_28.bmp,2,2
UC_patient_130_3.bmp,2,3
UC_patient_130_56.bmp,2,2
UC_patient_130_62.bmp,2,2
UC_patient_132_19.bmp,2,2
UC_patient_132_3.bmp,2,2
UC_patient_142_8.bmp,2,3
UC_patient_148_15.bmp,2,2
UC_patient_148_16.bmp,2,2
UC_patient_148_18.bmp,2,2
UC_patient_150_11.bmp,2,3
UC_patient_150_7.bmp,2,3
UC_patient_150_8.bmp,2,3
UC_patient_16_1.bmp,2,1
UC_patient_16_11.bmp,2,2
UC_patient_16_12.bmp,2,2
UC_patient_16_14.bmp,2,2
UC_patient_16_16.bmp,2,2
UC_patient_16_17.bmp,2,2
UC_patient_16_2.bmp,2,2
UC_patient_16_24.bmp,2,2
UC_patient_16_27.bmp,2,2
UC_patient_16_30.bmp,2,2
UC_patient_16_35.bmp,2,2
UC_patient_16_39.bmp,2,2
UC_patient_16_42.bmp,2,2
UC_patient_16_43.bmp,2,2
UC_patient_16_6.bmp,2,2
UC_patient_16_7.bmp,2,2
UC_patient_16_8.bmp,2,3
UC_patient_196_1.bmp,2,3
UC_patient_196_10.bmp,2,2
UC_patient_196_18.bmp,2,1
UC_patient_196_2.bmp,2,1
UC_patient_196_22.bmp,2,2
UC_patient_196_23.bmp,2,3
UC_patient_196_25.bmp,2,1
UC_patient_196_27.bmp,2,3
UC_patient_196_3.bmp,2,2
UC_patient_196_39.bmp,2,3
UC_patient_205_10.bmp,2,2
UC_patient_205_15.bmp,2,2
UC_patient_205_6.bmp,2,2
UC_patient_206_23.bmp,2,2
UC_patient_225_23.bmp,2,2
UC_patient_225_28.bmp,2,2
UC_patient_225_30.bmp,2,1
UC_patient_225_35.bmp,2,2
UC_patient_225_38.bmp,2,1
UC_patient_225_41.bmp,2,2
UC_patient_225_42.bmp,2,2
UC_patient_247_11.bmp,2,1
UC_patient_247_14.bmp,2,2
UC_patient_247_22.bmp,2,2
UC_patient_276_4.bmp,2,2
UC_patient_276_6.bmp,2,2
UC_patient_295_15.bmp,2,3
UC_patient_295_16.bmp,2,1
UC_patient_315_16.bmp,2,1
UC_patient_315_18.bmp,2,1
UC_patient_315_2.bmp,2,1
UC_patient_333_16.bmp,2,2
UC_patient_333_21.bmp,2,1
UC_patient_333_32.bmp,2,1
UC_patient_333_36.bmp,2,2
UC_patient_333_41.bmp,2,3
UC_patient_333_48.bmp,2,3
UC_patient_361_22.bmp,2,2
UC_patient_361_3.bmp,2,3
UC_patient_397_17.bmp,2,1
UC_patient_397_27.bmp,2,1
UC_patient_397_30.bmp,2,1
UC_patient_397_7.bmp,2,3
UC_patient_397_8.bmp,2,3
UC_patient_401_10.bmp,2,2
UC_patient_401_14.bmp,2,2
UC_patient_401_15.bmp,2,2
UC_patient_401_17.bmp,2,2
UC_patient_401_4.bmp,2,2
UC_patient_401_41.bmp,2,1
UC_patient_401_47.bmp,2,2
UC_patient_401_48.bmp,2,2
UC_patient_401_5.bmp,2,2
UC_patient_401_50.bmp,2,2
UC_patient_401_52.bmp,2,1
UC_patient_401_53.bmp,2,3
UC_patient_401_6.bmp,2,2
UC_patient_401_7.bmp,2,2
UC_patient_403_12.bmp,2,2
UC_patient_403_15.bmp,2,3
UC_patient_403_17.bmp,2,2
UC_patient_404_8.bmp,2,0
UC_patient_429_1.bmp,2,2
UC_patient_429_2.bmp,2,1
UC_patient_429_3.bmp,2,1
UC_patient_429_4.bmp,2,1
UC_patient_429_6.bmp,2,1
UC_patient_434_2.bmp,2,2
UC_patient_434_3.bmp,2,0
UC_patient_436_11.bmp,2,0
UC_patient_436_30.bmp,2,2
UC_patient_436_35.bmp,2,1
UC_patient_436_4.bmp,2,0
UC_patient_436_45.bmp,2,1
UC_patient_436_8.bmp,2,3
UC_patient_455_4.bmp,2,1
UC_patient_455_9.bmp,2,2
UC_patient_458_9.bmp,2,2
UC_patient_45_11.bmp,2,2
UC_patient_45_13.bmp,2,2
UC_patient_45_19.bmp,2,2
UC_patient_45_20.bmp,2,2
UC_patient_45_3.bmp,2,2
UC_patient_45_4.bmp,2,3
UC_patient_45_5.bmp,2,2
UC_patient_45_6.bmp,2,2
UC_patient_45_7.bmp,2,0
UC_patient_45_8.bmp,2,2
UC_patient_45_9.bmp,2,2
UC_patient_468_34.bmp,2,3
UC_patient_468_8.bmp,2,2
UC_patient_512_7.bmp,2,3
UC_patient_521_11.bmp,2,3
UC_patient_521_12.bmp,2,2
UC_patient_521_15.bmp,2,3
UC_patient_521_17.bmp,2,1
UC_patient_521_18.bmp,2,3
UC_patient_521_21.bmp,2,2
UC_patient_521_3.bmp,2,2
UC_patient_521_30.bmp,2,2
UC_patient_521_32.bmp,2,3
UC_patient_521_34.bmp,2,2
UC_patient_521_36.bmp,2,1
UC_patient_521_38.bmp,2,2
UC_patient_521_44.bmp,2,2
UC_patient_521_5.bmp,2,2
UC_patient_521_6.bmp,2,1
UC_patient_52_17.bmp,2,3
UC_patient_546_17.bmp,2,3
UC_patient_558_1.bmp,2,1
UC_patient_558_12.bmp,2,2
UC_patient_558_43.bmp,2,3
UC_patient_558_45.bmp,2,3
UC_patient_558_48.bmp,2,3
UC_patient_558_53.bmp,2,3
UC_patient_558_73.bmp,2,2
UC_patient_558_9.bmp,2,2
UC_patient_558_94.bmp,2,3
UC_patient_57_12.bmp,2,2
UC_patient_57_13.bmp,2,2
UC_patient_57_14.bmp,2,2
UC_patient_57_2.bmp,2,2
UC_patient_57_20.bmp,2,2
UC_patient_57_32.bmp,2,1
UC_patient_57_41.bmp,2,2
UC_patient_57_9.bmp,2,2
UC_patient_6_5.bmp,2,1
UC_patient_90_30.bmp,2,3
UC_patient_90_47.bmp,2,3
UC_patient_90_62.bmp,2,3
UC_patient_90_63.bmp,2,2
UC_patient_90_64.bmp,2,1
UC_patient_90_66.bmp,2,3
UC_patient_90_67.bmp,2,0
UC_patient_90_68.bmp,2,2
UC_patient_90_70.bmp,2,2
UC_patient_90_77.bmp,2,2
UC_patient_90_81.bmp,2,1
UC_patient_110_1.bmp,3,3
UC_patient_110_11.bmp,3,2
UC_patient_110_13.bmp,3,3
UC_patient_110_19.bmp,3,3
UC_patient_110_2.bmp,3,3
UC_patient_110_24.bmp,3,3
UC_patient_110_27.bmp,3,3
UC_patient_110_3.bmp,3,3
UC_patient_110_35.bmp,3,2
UC_patient_110_38.bmp,3,3
UC_patient_110_4.bmp,3,3
UC_patient_110_42.bmp,3,2
UC_patient_110_43.bmp,3,3
UC_patient_114_6.bmp,3,2
UC_patient_130_1.bmp,3,2
UC_patient_130_10.bmp,3,2
UC_patient_130_20.bmp,3,1
UC_patient_130_22.bmp,3,3
UC_patient_130_25.bmp,3,3
UC_patient_130_26.bmp,3,2
UC_patient_130_27.bmp,3,3
UC_patient_130_29.bmp,3,3
UC_patient_130_3.bmp,3,3
UC_patient_130_31.bmp,3,3
UC_patient_130_35.bmp,3,3
UC_patient_130_38.bmp,3,3
UC_patient_130_39.bmp,3,3
UC_patient_130_4.bmp,3,3
UC_patient_130_40.bmp,3,3
UC_patient_130_41.bmp,3,3
UC_patient_130_43.bmp,3,2
UC_patient_130_46.bmp,3,3
UC_patient_130_51.bmp,3,3
UC_patient_130_52.bmp,3,3
UC_patient_130_53.bmp,3,3
UC_patient_130_54.bmp,3,3
UC_patient_130_59.bmp,3,3
UC_patient_130_6.bmp,3,2
UC_patient_130_60.bmp,3,3
UC_patient_130_63.bmp,3,3
UC_patient_130_7.bmp,3,2
UC_patient_132_15.bmp,3,1
UC_patient_132_16.bmp,3,2
UC_patient_132_8.bmp,3,3
UC_patient_142_19.bmp,3,3
UC_patient_142_24.bmp,3,2
UC_patient_142_26.bmp,3,2
UC_patient_142_27.bmp,3,3
UC_patient_142_33.bmp,3,2
UC_patient_142_36.bmp,3,3
UC_patient_150_15.bmp,3,3
UC_patient_150_19.bmp,3,2
UC_patient_150_2.bmp,3,3
UC_patient_16_13.bmp,3,3
UC_patient_16_3.bmp,3,2
UC_patient_16_5.bmp,3,3
UC_patient_196_12.bmp,3,3
UC_patient_196_13.bmp,3,3
UC_patient_196_21.bmp,3,3
UC_patient_196_32.bmp,3,3
UC_patient_196_37.bmp,3,3
UC_patient_196_40.bmp,3,3
UC_patient_206_13.bmp,3,3
UC_patient_247_12.bmp,3,3
UC_patient_304_1.bmp,3,2
UC_patient_304_4.bmp,3,2
UC_patient_333_11.bmp,3,3
UC_patient_333_23.bmp,3,2
UC_patient_333_28.bmp,3,2
UC_patient_333_3.bmp,3,3
UC_patient_333_30.bmp,3,3
UC_patient_333_38.bmp,3,3
UC_patient_333_49.bmp,3,2
UC_patient_333_5.bmp,3,3
UC_patient_333_50.bmp,3,0
UC_patient_333_6.bmp,3,3
UC_patient_333_7.bmp,3,3
UC_patient_365_1.bmp,3,3
UC_patient_365_3.bmp,3,3
UC_patient_365_6.bmp,3,2
UC_patient_365_7.bmp,3,2
UC_patient_365_8.bmp,3,3
UC_patient_365_9.bmp,3,3
UC_patient_401_64.bmp,3,3
UC_patient_401_73.bmp,3,3
UC_patient_434_11.bmp,3,2
UC_patient_434_4.bmp,3,3
UC_patient_436_13.bmp,3,2
UC_patient_436_18.bmp,3,2
UC_patient_436_21.bmp,3,3
UC_patient_436_29.bmp,3,3
UC_patient_436_31.bmp,3,2
UC_patient_436_40.bmp,3,2
UC_patient_44_1.bmp,3,2
UC_patient_44_10.bmp,3,3
UC_patient_44_11.bmp,3,3
UC_patient_44_12.bmp,3,3
UC_patient_44_14.bmp,3,2
UC_patient_44_15.bmp,3,3
UC_patient_44_17.bmp,3,2
UC_patient_44_18.bmp,3,3
UC_patient_44_19.bmp,3,2
UC_patient_44_20.bmp,3,3
UC_patient_44_21.bmp,3,2
UC_patient_44_22.bmp,3,2
UC_patient_44_3.bmp,3,3
UC_patient_44_4.bmp,3,2
UC_patient_44_8.bmp,3,3
UC_patient_44_9.bmp,3,2
UC_patient_459_68.bmp,3,3
UC_patient_468_11.bmp,3,3
UC_patient_468_19.bmp,3,3
UC_patient_468_37.bmp,3,3
UC_patient_512_10.bmp,3,2
UC_patient_512_12.bmp,3,3
UC_patient_512_13.bmp,3,3
UC_patient_512_21.bmp,3,3
UC_patient_558_69.bmp,3,1
UC_patient_558_74.bmp,3,2
UC_patient_57_57.bmp,3,3
