sample_idx,label,prediction,score
0,0,0,0.137228
1,0,1,0.892812
2,0,0,0.309650
3,0,0,0.019652
4,0,0,0.002415
5,0,0,0.004390
6,0,0,0.140852
7,0,0,0.014465
8,0,0,0.201631
9,0,0,0.450954
10,0,0,0.006229
11,0,0,0.017787
12,0,0,0.020955
13,0,0,0.024352
14,0,0,0.010720
15,0,1,0.604205
16,0,0,0.003146
17,0,0,0.003851
18,0,1,0.797650
19,0,0,0.014241
20,0,0,0.476782
21,0,0,0.011834
22,0,0,0.043008
23,0,0,0.449449
24,0,1,0.927990
25,0,1,0.570336
26,0,1,0.711334
27,0,0,0.167957
28,0,0,0.022886
29,0,0,0.002601
30,0,0,0.016871
31,0,0,0.015941
32,0,0,0.093089
33,0,0,0.010867
34,0,0,0.237214
35,0,0,0.009096
36,0,0,0.004203
37,0,0,0.353694
38,0,0,0.012076
39,0,0,0.018625
40,0,0,0.004101
41,0,0,0.100647
42,0,0,0.084103
43,0,0,0.137398
44,0,0,0.011156
45,0,0,0.040407
46,0,0,0.198371
47,0,1,0.723595
48,0,0,0.188091
49,0,0,0.091797
50,0,0,0.298318
51,0,0,0.313817
52,0,1,0.845345
53,0,0,0.036291
54,0,1,0.873125
55,0,0,0.065469
56,0,0,0.450870
57,0,0,0.299949
58,0,0,0.095678
59,0,0,0.003904
60,0,1,0.863312
61,0,0,0.092718
62,0,0,0.161315
63,0,1,0.952233
64,0,1,0.875671
65,0,1,0.684953
66,0,1,0.806579
67,0,1,0.530513
68,0,0,0.490098
69,0,0,0.044599
70,0,0,0.048930
71,0,0,0.006970
72,0,0,0.003976
73,0,0,0.006293
74,0,0,0.004921
75,0,0,0.004981
76,0,0,0.014324
77,0,0,0.008010
78,0,0,0.008106
79,0,0,0.131894
80,0,0,0.201762
81,0,0,0.073105
82,0,0,0.014160
83,0,0,0.004089
84,0,0,0.030888
85,0,0,0.004460
86,0,0,0.015565
87,0,0,0.020607
88,0,0,0.007424
89,0,0,0.070883
90,0,0,0.044821
91,0,0,0.004059
92,0,0,0.014485
93,0,0,0.049281
94,0,0,0.398763
95,0,1,0.550478
96,0,0,0.025607
97,0,0,0.387045
98,0,0,0.044627
99,0,0,0.006454
100,0,1,0.695781
101,0,0,0.238100
102,0,1,0.755980
103,0,0,0.180012
104,0,0,0.005533
105,0,0,0.005233
106,0,0,0.125753
107,0,1,0.517264
108,0,0,0.013872
109,0,0,0.024178
110,0,0,0.020355
111,0,0,0.046990
112,0,0,0.091651
113,0,0,0.007908
114,0,0,0.004275
115,0,0,0.022680
116,0,0,0.005998
117,0,0,0.011118
118,0,0,0.006473
119,0,0,0.002540
120,0,0,0.004910
121,0,0,0.003364
122,0,0,0.003547
123,0,0,0.003601
124,0,1,0.639749
125,0,1,0.745841
126,0,0,0.103290
127,0,0,0.184647
128,0,0,0.279567
129,0,0,0.253976
130,0,0,0.003512
131,0,0,0.003049
132,0,0,0.005609
133,0,0,0.183754
134,0,0,0.003944
135,0,0,0.003475
136,0,0,0.003819
137,0,0,0.054750
138,0,0,0.003244
139,0,0,0.005051
140,0,0,0.009121
141,0,0,0.005361
142,0,0,0.003835
143,0,0,0.004207
144,0,0,0.012962
145,0,0,0.007158
146,0,0,0.003044
147,0,0,0.025482
148,0,0,0.267799
149,0,0,0.045427
150,0,0,0.008428
151,0,0,0.025038
152,0,0,0.021769
153,0,0,0.007195
154,0,0,0.006658
155,0,0,0.161765
156,0,1,0.846587
157,0,0,0.084221
158,0,0,0.042193
159,0,0,0.014487
160,0,1,0.763112
161,0,0,0.133691
162,0,0,0.002550
163,0,0,0.052579
164,0,0,0.190332
165,0,0,0.010280
166,0,0,0.050347
167,0,1,0.613927
168,0,1,0.770119
169,0,0,0.050164
170,0,0,0.003600
171,0,0,0.450759
172,0,0,0.003435
173,0,0,0.003250
174,0,1,0.769149
175,0,0,0.080245
176,0,1,0.703888
177,0,0,0.003560
178,0,1,0.576249
179,0,1,0.839945
180,0,0,0.283890
181,0,1,0.851811
182,0,1,0.510946
183,0,0,0.314746
184,0,0,0.046001
185,0,0,0.018652
186,0,1,0.547737
187,0,1,0.622491
188,0,0,0.004632
189,0,1,0.890525
190,0,0,0.396584
191,0,0,0.011710
192,0,0,0.018074
193,0,0,0.003051
194,0,0,0.115072
195,0,0,0.033312
196,0,0,0.004118
197,0,1,0.933025
198,0,0,0.007937
199,0,0,0.010012
200,0,0,0.006154
201,0,0,0.277811
202,0,0,0.058653
203,0,0,0.003423
204,0,0,0.138062
205,0,0,0.010127
206,0,0,0.005675
207,0,0,0.003099
208,0,0,0.410066
209,0,0,0.283960
210,0,0,0.008373
211,0,0,0.011159
212,0,0,0.033278
213,0,1,0.786811
214,0,0,0.168804
215,0,1,0.659312
216,0,0,0.002587
217,0,0,0.007546
218,0,1,0.883001
219,0,0,0.004741
220,0,0,0.002569
221,0,0,0.420657
222,0,0,0.376957
223,0,0,0.005554
224,0,0,0.015014
225,0,0,0.004872
226,0,0,0.375635
227,0,0,0.238494
228,0,0,0.008307
229,0,0,0.011976
230,0,0,0.210253
231,0,0,0.025185
232,0,0,0.006573
233,0,0,0.004447
234,0,0,0.033721
235,0,0,0.047966
236,0,0,0.063925
237,0,1,0.892827
238,0,0,0.282161
239,0,0,0.410283
240,0,1,0.868187
241,0,0,0.002139
242,0,0,0.340825
243,0,0,0.130043
244,0,1,0.691618
245,0,0,0.404500
246,0,0,0.051969
247,0,1,0.780167
248,0,0,0.006980
249,0,0,0.017590
250,0,0,0.067334
251,0,0,0.007068
252,0,0,0.012470
253,0,0,0.021830
254,0,0,0.008372
255,0,0,0.004093
256,0,0,0.019969
257,0,0,0.004487
258,0,0,0.014383
259,0,0,0.003415
260,0,0,0.004070
261,0,0,0.012386
262,0,0,0.150637
263,0,0,0.127852
264,0,0,0.003010
265,0,0,0.010728
266,0,0,0.004592
267,0,0,0.008582
268,0,1,0.753462
269,0,1,0.503939
270,0,0,0.399645
271,0,0,0.118846
272,0,1,0.535309
273,0,1,0.847145
274,0,0,0.007790
275,0,0,0.078388
276,0,0,0.008417
277,0,0,0.005016
278,0,0,0.009905
279,0,0,0.040469
280,0,0,0.311636
281,0,0,0.002509
282,0,0,0.013491
283,0,0,0.009047
284,0,0,0.068987
285,0,0,0.080369
286,0,0,0.003350
287,0,0,0.164148
288,0,0,0.394631
289,0,0,0.005892
290,0,0,0.026777
291,0,0,0.041656
292,0,0,0.183454
293,0,0,0.106327
294,0,1,0.680068
295,0,1,0.615549
296,0,0,0.007928
297,0,0,0.004920
298,0,0,0.009321
299,0,0,0.096311
300,0,0,0.014925
301,0,0,0.029317
302,0,0,0.038669
303,0,0,0.012209
304,0,0,0.006042
305,0,0,0.004291
306,0,0,0.231137
307,0,0,0.009210
308,0,0,0.008321
309,0,0,0.068351
310,0,0,0.009125
311,0,0,0.008038
312,0,0,0.006981
313,0,0,0.002038
314,0,0,0.012804
315,0,0,0.127085
316,0,0,0.003248
317,0,0,0.034212
318,0,0,0.008686
319,0,0,0.003017
320,0,0,0.003853
321,0,0,0.024353
322,0,0,0.006166
323,0,0,0.039259
324,0,1,0.724285
325,0,1,0.532072
326,0,0,0.005775
327,0,0,0.026849
328,0,0,0.463068
329,0,1,0.734603
330,0,1,0.890828
331,0,0,0.015964
332,0,0,0.013793
333,0,0,0.190684
334,0,0,0.499164
335,0,1,0.851469
336,0,0,0.295537
337,0,1,0.805524
338,0,0,0.005727
339,0,0,0.117712
340,0,1,0.891304
341,0,1,0.862010
342,0,0,0.072690
343,0,1,0.807538
344,0,0,0.256591
345,0,0,0.123938
346,0,1,0.634457
347,0,0,0.013621
348,0,0,0.480909
349,0,0,0.035344
350,0,0,0.049921
351,0,0,0.008074
352,0,0,0.003754
353,0,0,0.296685
354,0,0,0.002756
355,0,0,0.011408
356,0,0,0.016229
357,0,0,0.014509
358,0,0,0.003876
359,0,0,0.042106
360,0,0,0.026469
361,0,0,0.014020
362,0,0,0.007786
363,0,0,0.015036
364,0,0,0.008203
365,0,0,0.021987
366,0,0,0.009270
367,0,0,0.033888
368,0,0,0.017138
369,0,0,0.024052
370,0,0,0.017117
371,0,0,0.024248
372,0,0,0.003767
373,0,0,0.346263
374,0,0,0.002606
375,0,0,0.006816
376,0,0,0.041711
377,0,0,0.003036
378,0,0,0.011047
379,0,0,0.014601
380,0,0,0.011026
381,0,0,0.040796
382,0,0,0.030698
383,0,1,0.521514
384,0,0,0.022058
385,0,0,0.041369
386,0,1,0.899352
387,0,0,0.041468
388,0,0,0.003903
389,0,0,0.031793
390,0,0,0.028348
391,0,0,0.014503
392,0,0,0.139951
393,0,0,0.007302
394,0,0,0.115680
395,0,0,0.090118
396,0,0,0.013518
397,0,1,0.604533
398,0,0,0.027436
399,0,0,0.438894
400,0,1,0.871979
401,0,0,0.004774
402,0,0,0.007448
403,0,0,0.007266
404,0,0,0.096234
405,0,0,0.007989
406,0,1,0.673209
407,0,1,0.603728
408,0,1,0.767230
409,0,0,0.157972
410,0,0,0.077591
411,0,1,0.940105
412,0,0,0.005792
413,0,0,0.002853
414,0,0,0.017945
415,0,0,0.042649
416,0,0,0.053675
417,0,0,0.077047
418,0,1,0.650920
419,0,0,0.015903
420,0,1,0.853955
421,0,0,0.011149
422,0,1,0.924639
423,0,0,0.457945
424,0,0,0.018831
425,0,0,0.017542
426,0,0,0.008769
427,0,1,0.746480
428,0,1,0.547270
429,0,0,0.005427
430,0,0,0.004852
431,0,0,0.413481
432,0,0,0.008549
433,0,0,0.043794
434,0,0,0.037847
435,0,1,0.763583
436,0,0,0.013718
437,0,0,0.035097
438,0,0,0.034166
439,0,0,0.126558
440,0,0,0.006321
441,0,0,0.107907
442,0,0,0.004424
443,0,0,0.164847
444,0,0,0.002560
445,0,0,0.007816
446,0,0,0.013149
447,0,0,0.004722
448,0,0,0.011780
449,0,0,0.002840
450,0,0,0.002813
451,0,0,0.004124
452,0,0,0.002655
453,0,0,0.014349
454,0,0,0.040478
455,0,0,0.169894
456,0,0,0.026101
457,0,0,0.341560
458,0,0,0.130182
459,0,0,0.003205
460,0,0,0.005467
461,0,0,0.020652
462,0,0,0.035713
463,0,0,0.007285
464,0,0,0.004795
465,0,0,0.004621
466,0,0,0.023097
467,0,0,0.002613
468,0,0,0.006133
469,0,0,0.003529
470,0,0,0.006062
471,0,0,0.002058
472,0,0,0.027052
473,0,0,0.017384
474,0,1,0.900644
475,0,0,0.005808
476,0,1,0.739572
477,0,0,0.009536
478,0,0,0.164682
479,0,0,0.273044
480,0,1,0.546157
481,0,0,0.099174
482,0,0,0.009341
483,0,0,0.013390
484,0,0,0.032811
485,0,0,0.006604
486,0,0,0.004771
487,0,0,0.039973
488,0,0,0.145265
489,0,0,0.494185
490,0,0,0.466305
491,0,0,0.019209
492,0,0,0.224147
493,0,1,0.718428
494,0,1,0.927782
495,0,0,0.015885
496,0,0,0.021974
497,0,0,0.009708
498,0,0,0.003347
499,0,0,0.006264
500,0,0,0.010729
501,0,0,0.004226
502,0,0,0.017288
503,0,0,0.009960
504,0,0,0.004808
505,0,0,0.051926
506,0,0,0.007335
507,0,0,0.006674
508,0,1,0.513690
509,0,0,0.163153
510,0,0,0.007286
511,0,0,0.410092
512,0,0,0.014777
513,0,0,0.018809
514,0,0,0.045612
515,0,0,0.007252
516,0,0,0.016067
517,0,0,0.053936
518,0,0,0.156855
519,0,0,0.229592
520,0,1,0.665074
521,0,0,0.005116
522,0,1,0.722039
523,0,0,0.005199
524,0,0,0.008948
525,0,0,0.022168
526,0,0,0.008018
527,0,0,0.253074
528,0,1,0.704564
529,0,1,0.856273
530,0,0,0.006443
531,0,1,0.582484
532,0,0,0.498211
533,0,0,0.349739
534,0,0,0.180825
535,0,0,0.006421
536,0,0,0.012411
537,0,0,0.007642
538,0,0,0.004287
539,0,1,0.620395
540,0,1,0.509111
541,0,0,0.009298
542,0,0,0.004322
543,0,0,0.003693
544,0,0,0.095473
545,0,0,0.006388
546,0,0,0.003553
547,0,0,0.046062
548,0,0,0.003768
549,0,0,0.026116
550,0,0,0.010906
551,0,0,0.007640
552,0,0,0.019041
553,0,0,0.007769
554,0,0,0.035648
555,0,0,0.004951
556,0,0,0.005065
557,0,0,0.002362
558,0,0,0.027034
559,0,0,0.008150
560,0,0,0.023041
561,0,0,0.006804
562,0,0,0.006265
563,0,0,0.020447
564,0,0,0.006601
565,0,0,0.109645
566,0,0,0.007431
567,0,1,0.647729
568,0,0,0.300121
569,0,1,0.581256
570,0,0,0.010144
571,0,0,0.003796
572,0,0,0.064449
573,0,0,0.004317
574,0,0,0.008786
575,0,0,0.368285
576,0,0,0.011321
577,0,0,0.014404
578,0,0,0.116137
579,0,0,0.006388
580,0,0,0.017086
581,0,0,0.006491
582,0,0,0.006213
583,0,0,0.014807
584,0,0,0.005420
585,0,0,0.036731
586,0,0,0.010220
587,0,0,0.042825
588,0,0,0.055232
589,0,0,0.006736
590,0,0,0.078259
591,0,0,0.003530
592,0,0,0.003961
593,0,0,0.242820
594,0,0,0.034006
595,0,0,0.006861
596,0,0,0.007965
597,0,0,0.070590
598,0,0,0.013447
599,0,0,0.002812
600,0,0,0.006449
601,0,0,0.071080
602,0,0,0.003066
603,0,0,0.065246
604,0,0,0.005273
605,0,0,0.025962
606,0,0,0.041886
607,0,0,0.062293
608,0,0,0.297766
609,0,0,0.018033
610,0,0,0.022611
611,0,1,0.773331
612,0,0,0.058809
613,0,0,0.005757
614,0,0,0.003206
615,0,0,0.022682
616,0,0,0.012528
617,0,0,0.018357
618,0,0,0.046962
619,0,0,0.006783
620,0,0,0.061993
621,0,0,0.110705
622,0,0,0.005721
623,0,0,0.076512
624,0,0,0.183303
625,0,1,1.191114
626,0,0,0.022347
627,0,0,0.009066
628,0,0,0.099270
629,0,0,0.003711
630,0,0,0.004118
631,0,0,0.012884
632,0,0,0.018078
633,0,0,0.059461
634,0,0,0.003533
635,0,0,0.009956
636,0,0,0.004620
637,0,0,0.020158
638,0,0,0.022694
639,0,0,0.195436
640,0,0,0.017543
641,0,1,0.825775
642,0,0,0.297455
643,0,0,0.003120
644,0,0,0.077918
645,0,1,0.824855
646,0,0,0.069505
647,0,0,0.285201
648,0,0,0.027983
649,0,0,0.103343
650,0,0,0.019950
651,0,0,0.003966
652,0,1,0.600919
653,0,0,0.018854
654,0,0,0.157424
655,0,0,0.008156
656,0,0,0.008324
657,0,2,1.876075
658,0,0,0.006660
659,0,0,0.006471
660,0,0,0.003503
661,0,0,0.093721
662,0,0,0.065870
663,0,0,0.005756
664,0,0,0.003013
665,0,0,0.003420
666,0,0,0.009333
667,0,0,0.004285
668,0,0,0.015070
669,0,0,0.014772
670,0,0,0.042719
671,0,1,1.395747
672,0,1,0.856113
673,0,0,0.037748
674,0,0,0.002742
675,0,0,0.106727
676,0,0,0.143354
677,0,1,0.605454
678,0,0,0.004319
679,0,1,0.713648
680,0,0,0.471088
681,0,0,0.332351
682,0,0,0.006416
683,0,1,0.847223
684,0,0,0.037187
685,0,0,0.018950
686,0,0,0.097953
687,0,0,0.025300
688,0,0,0.005411
689,0,0,0.042727
690,0,0,0.002413
691,0,0,0.008488
692,0,0,0.026799
693,0,0,0.006317
694,0,0,0.304555
695,0,0,0.041559
696,0,0,0.005327
697,0,0,0.003434
698,0,0,0.014727
699,0,0,0.003382
700,0,0,0.015437
701,0,0,0.004737
702,0,0,0.031664
703,0,0,0.003447
704,0,0,0.124352
705,0,0,0.006452
706,0,0,0.009558
707,0,0,0.004881
708,0,0,0.011956
709,0,0,0.023375
710,0,0,0.245606
711,0,0,0.023832
712,0,0,0.005534
713,0,0,0.005649
714,0,0,0.013279
715,0,0,0.024354
716,0,0,0.100549
717,0,0,0.004272
718,0,0,0.005840
719,0,0,0.007310
720,0,0,0.158236
721,0,0,0.010841
722,0,0,0.357823
723,0,1,0.585190
724,0,0,0.014366
725,0,0,0.079392
726,0,0,0.013945
727,0,0,0.006266
728,0,0,0.034799
729,0,0,0.103729
730,0,0,0.015119
731,0,0,0.003615
732,0,1,0.583413
733,0,0,0.011779
734,0,0,0.053359
735,0,0,0.035855
736,0,0,0.003582
737,0,0,0.005188
738,0,0,0.004255
739,0,0,0.004012
740,0,0,0.018359
741,0,0,0.004236
742,0,0,0.021371
743,0,0,0.024651
744,0,0,0.044518
745,0,0,0.013638
746,0,0,0.003643
747,0,1,0.925188
748,0,0,0.319249
749,0,0,0.004069
750,0,0,0.028995
751,0,0,0.225018
752,0,0,0.002835
753,0,0,0.003353
754,0,0,0.003937
755,0,0,0.049027
756,0,0,0.020149
757,0,0,0.078749
758,0,0,0.075359
759,0,0,0.028007
760,0,0,0.026447
761,0,0,0.063223
762,0,0,0.032627
763,0,0,0.114413
764,0,0,0.027766
765,0,0,0.006872
766,0,0,0.097202
767,0,0,0.085258
768,0,0,0.004845
769,0,0,0.003312
770,0,0,0.009237
771,0,0,0.032430
772,0,0,0.022028
773,0,1,0.692601
774,0,0,0.005070
775,0,1,1.142905
776,0,1,0.886982
777,0,1,0.634505
778,0,0,0.003114
779,0,0,0.003447
780,0,1,0.911042
781,0,1,0.637230
782,0,0,0.067742
783,0,0,0.287384
784,0,0,0.004946
785,0,1,1.107399
786,0,1,0.590237
787,0,0,0.013012
788,0,1,0.891265
789,0,0,0.010405
790,0,1,1.222128
791,0,0,0.065072
792,0,1,0.931244
793,0,1,0.601839
794,0,0,0.004597
795,0,1,0.756071
796,0,1,0.798539
797,0,0,0.368921
798,0,1,0.830325
799,0,0,0.376961
800,0,1,0.873028
801,0,0,0.013912
802,0,0,0.007734
803,0,0,0.032287
804,0,1,0.612875
805,0,0,0.141457
806,0,1,0.713505
807,0,0,0.058743
808,0,0,0.045663
809,0,0,0.020426
810,0,1,0.908413
811,0,0,0.004483
812,0,1,0.844423
813,0,0,0.189660
814,0,0,0.006811
815,0,0,0.003206
816,0,1,1.223481
817,0,0,0.060144
818,0,0,0.398060
819,0,0,0.025218
820,0,0,0.018700
821,0,0,0.078666
822,0,0,0.162481
823,0,0,0.218940
824,0,1,0.732109
825,0,0,0.163359
826,0,0,0.287444
827,0,0,0.032991
828,0,0,0.005897
829,0,1,0.568394
830,0,0,0.019617
831,0,0,0.043249
832,0,0,0.002791
833,0,0,0.004047
834,0,0,0.004082
835,0,1,0.887472
836,0,1,0.553450
837,0,0,0.004042
838,0,0,0.002140
839,0,0,0.004215
840,0,0,0.005019
841,0,0,0.005938
842,0,0,0.033065
843,0,0,0.003676
844,0,0,0.016932
845,0,0,0.100351
846,0,0,0.017927
847,0,0,0.008072
848,0,1,1.121108
849,0,0,0.009120
850,0,0,0.392259
851,0,0,0.013267
852,0,0,0.322279
853,0,1,0.843758
854,0,0,0.031178
855,0,0,0.009453
856,0,1,0.844399
857,0,0,0.029224
858,0,0,0.008920
859,0,1,0.525046
860,0,0,0.018259
861,0,0,0.023461
862,0,0,0.105550
863,0,0,0.030284
864,0,0,0.019265
865,0,0,0.005612
866,0,1,1.420114
867,0,0,0.057935
868,0,1,1.017163
869,0,0,0.011061
870,0,0,0.410258
871,0,0,0.487770
872,0,1,0.756055
873,0,1,0.966725
874,0,1,0.537243
875,0,0,0.308885
876,0,0,0.009514
877,0,0,0.006179
878,0,1,0.894345
879,0,0,0.470832
880,0,0,0.003450
881,0,0,0.277095
882,0,0,0.309777
883,0,0,0.007495
884,0,0,0.041284
885,0,1,0.791827
886,0,0,0.006721
887,0,1,0.894153
888,0,0,0.017813
889,0,0,0.095795
890,0,0,0.095254
891,0,0,0.137316
892,0,0,0.018401
893,0,0,0.231763
894,0,1,0.653433
895,0,0,0.288325
896,0,0,0.004715
897,0,0,0.003683
898,0,0,0.074536
899,0,0,0.026235
900,0,1,0.542461
901,0,0,0.018634
902,0,0,0.062619
903,0,0,0.356868
904,0,1,0.912059
905,0,0,0.051158
906,0,0,0.052066
907,0,0,0.364755
908,0,0,0.198400
909,0,0,0.068844
910,0,0,0.013724
911,0,0,0.008526
912,0,0,0.058868
913,0,0,0.010265
914,0,0,0.151924
915,0,0,0.180485
916,0,0,0.214236
917,0,0,0.004064
918,0,0,0.004943
919,0,0,0.008168
920,0,0,0.002985
921,0,0,0.021831
922,0,0,0.026533
923,0,0,0.004140
924,0,0,0.025810
925,1,1,1.006398
926,1,0,0.162075
927,1,1,0.934518
928,1,1,1.092019
929,1,1,0.822448
930,1,1,0.844237
931,1,0,0.288427
932,1,1,0.864730
933,1,1,1.058449
934,1,1,0.709278
935,1,1,0.925359
936,1,0,0.023971
937,1,0,0.455463
938,1,0,0.008054
939,1,1,0.824834
940,1,1,0.695744
941,1,1,0.951612
942,1,1,0.652631
943,1,1,0.833564
944,1,1,0.880259
945,1,1,0.653188
946,1,1,0.994933
947,1,1,1.047600
948,1,0,0.416318
949,1,0,0.068189
950,1,1,0.828694
951,1,1,0.501603
952,1,1,0.563743
953,1,1,0.891704
954,1,2,1.974383
955,1,2,1.678083
956,1,2,1.613596
957,1,0,0.017957
958,1,1,0.763538
959,1,1,0.872051
960,1,1,0.767705
961,1,1,1.000740
962,1,1,0.736308
963,1,1,0.882746
964,1,1,0.857270
965,1,1,0.707495
966,1,1,0.605283
967,1,1,0.841249
968,1,1,0.636822
969,1,0,0.184521
970,1,0,0.137534
971,1,1,1.152176
972,1,1,0.749601
973,1,1,1.016444
974,1,2,1.835165
975,1,2,1.949668
976,1,1,0.895985
977,1,2,1.958926
978,1,0,0.065390
979,1,1,1.350800
980,1,1,0.839494
981,1,1,0.811987
982,1,1,0.936047
983,1,2,1.989166
984,1,2,1.702409
985,1,1,1.183665
986,1,1,1.225380
987,1,1,0.801322
988,1,1,0.516754
989,1,1,0.789573
990,1,1,0.826787
991,1,1,0.844603
992,1,1,0.869481
993,1,0,0.098097
994,1,1,0.879160
995,1,0,0.004771
996,1,1,0.882248
997,1,0,0.022670
998,1,1,0.679073
999,1,1,0.698423
1000,1,1,0.652128
1001,1,1,0.853596
1002,1,0,0.032687
1003,1,2,1.772951
1004,1,2,1.774599
1005,1,2,1.560716
1006,1,0,0.068821
1007,1,2,1.921183
1008,1,1,0.721905
1009,1,1,1.221355
1010,1,1,1.400820
1011,1,1,0.649914
1012,1,1,1.472660
1013,1,1,0.831476
1014,1,1,0.858644
1015,1,1,0.585994
1016,1,1,0.564293
1017,1,1,0.908242
1018,1,1,0.955706
1019,1,1,0.932723
1020,1,1,1.136105
1021,1,0,0.188951
1022,1,1,0.758755
1023,1,1,0.748245
1024,1,1,0.827497
1025,1,1,0.826409
1026,1,1,0.667280
1027,1,1,0.609132
1028,1,0,0.355892
1029,1,1,0.973408
1030,1,1,0.852042
1031,1,1,0.746538
1032,1,0,0.038696
1033,1,0,0.204365
1034,1,1,0.915733
1035,1,2,1.908337
1036,1,2,1.553011
1037,1,2,1.520706
1038,1,2,2.255150
1039,1,1,0.901298
1040,1,0,0.011228
1041,1,1,1.419981
1042,1,1,0.894848
1043,1,2,2.217586
1044,1,1,0.691978
1045,1,2,1.593142
1046,1,1,0.879801
1047,1,2,1.740087
1048,1,2,1.928717
1049,1,1,0.903063
1050,1,0,0.434873
1051,1,1,0.931743
1052,1,1,0.625309
1053,1,0,0.140456
1054,1,1,0.674774
1055,1,0,0.364540
1056,1,0,0.012882
1057,1,1,0.768739
1058,1,1,0.919267
1059,1,0,0.442701
1060,1,1,0.961717
1061,1,1,0.652177
1062,1,1,1.048061
1063,1,1,1.399779
1064,1,1,0.831261
1065,1,1,1.029703
1066,1,1,0.946993
1067,1,1,0.635144
1068,1,1,0.953675
1069,1,1,0.789422
1070,1,0,0.117277
1071,1,0,0.006002
1072,1,1,0.705184
1073,1,0,0.377517
1074,1,1,0.925813
1075,1,1,0.947591
1076,1,1,1.248365
1077,1,1,0.919447
1078,1,1,0.933073
1079,1,1,1.090968
1080,1,2,1.537715
1081,1,1,1.043483
1082,1,2,1.660801
1083,1,1,0.989601
1084,1,1,0.894230
1085,1,2,1.659269
1086,1,1,0.591979
1087,1,1,0.837791
1088,1,1,1.451773
1089,1,0,0.012400
1090,1,1,1.041006
1091,1,2,1.997620
1092,1,0,0.006206
1093,1,0,0.343773
1094,1,0,0.414618
1095,1,1,1.274994
1096,1,0,0.017897
1097,1,0,0.087647
1098,1,0,0.172052
1099,1,0,0.029332
1100,1,0,0.118097
1101,1,0,0.137966
1102,1,2,1.507633
1103,1,1,0.656561
1104,1,1,1.122641
1105,1,1,0.925381
1106,1,1,0.962967
1107,1,1,0.897706
1108,1,0,0.065396
1109,1,1,0.927093
1110,1,1,0.893664
1111,1,1,0.991891
1112,1,1,0.924144
1113,1,1,0.941252
1114,1,0,0.108855
1115,1,1,0.721659
1116,1,1,0.935542
1117,1,1,0.940219
1118,1,1,0.849363
1119,1,1,0.871201
1120,1,1,0.855264
1121,1,1,0.973155
1122,1,1,0.886231
1123,1,1,0.913873
1124,1,1,0.966951
1125,1,0,0.406460
1126,1,1,0.933733
1127,1,1,0.978090
1128,1,1,0.851070
1129,1,0,0.327506
1130,1,1,1.428741
1131,1,1,0.865369
1132,1,1,1.011250
1133,1,0,0.351265
1134,1,1,0.876159
1135,1,1,0.525793
1136,1,1,1.023839
1137,1,1,0.876398
1138,1,2,1.839084
1139,1,1,1.342243
1140,1,0,0.050808
1141,1,1,0.993188
1142,1,1,0.907719
1143,1,1,0.654158
1144,1,0,0.025013
1145,1,2,1.699538
1146,1,1,0.824928
1147,1,1,1.421514
1148,1,0,0.491861
1149,1,1,0.909850
1150,1,1,0.575098
1151,1,1,0.860997
1152,1,1,0.723093
1153,1,1,0.860816
1154,1,1,0.914321
1155,1,1,0.671454
1156,1,1,0.917658
1157,1,1,0.830141
1158,1,1,0.860140
1159,1,0,0.234636
1160,1,1,0.926292
1161,1,1,0.893355
1162,1,0,0.076732
1163,1,1,0.727920
1164,1,1,0.906839
1165,1,1,0.816378
1166,1,1,0.703211
1167,1,1,0.729140
1168,1,0,0.064690
1169,1,1,0.888495
1170,1,0,0.322823
1171,1,0,0.041539
1172,1,1,0.573715
1173,1,1,0.723594
1174,1,1,0.884805
1175,1,0,0.085581
1176,1,1,0.944529
1177,1,0,0.055467
1178,1,1,0.690519
1179,1,1,0.922392
1180,1,1,0.880122
1181,1,1,0.509479
1182,1,0,0.093067
1183,1,0,0.023807
1184,1,2,1.947994
1185,1,1,0.501740
1186,1,0,0.034877
1187,1,1,1.126906
1188,1,2,1.964560
1189,1,1,0.991685
1190,1,1,0.541459
1191,1,0,0.096866
1192,1,0,0.352524
1193,1,1,0.875309
1194,1,1,1.005939
1195,1,1,1.003555
1196,1,0,0.032867
1197,1,1,0.875628
1198,1,1,0.531041
1199,1,0,0.003847
1200,1,1,0.725025
1201,1,1,0.861492
1202,1,1,0.785793
1203,1,1,0.832940
1204,1,1,0.716343
1205,1,1,0.842811
1206,1,1,0.916253
1207,1,1,0.991632
1208,1,1,0.613127
1209,1,0,0.064049
1210,1,1,0.860565
1211,1,0,0.216619
1212,1,1,0.852545
1213,1,1,0.897241
1214,1,1,1.032555
1215,1,1,0.959190
1216,1,0,0.222392
1217,1,0,0.009348
1218,1,2,1.951877
1219,1,0,0.294687
1220,1,1,0.928805
1221,1,0,0.323744
1222,1,1,0.805295
1223,1,1,0.855686
1224,1,1,0.708069
1225,1,1,0.709418
1226,1,0,0.471883
1227,1,1,0.854188
1228,1,1,0.666470
1229,1,0,0.413560
1230,1,1,0.852851
1231,1,0,0.256260
1232,1,1,1.055610
1233,1,1,0.725796
1234,1,0,0.313008
1235,1,1,0.971481
1236,1,0,0.107503
1237,1,0,0.217455
1238,1,0,0.364605
1239,1,1,0.888198
1240,1,2,1.749352
1241,1,0,0.381278
1242,1,0,0.245960
1243,1,1,0.911050
1244,1,0,0.498723
1245,1,1,0.959977
1246,1,1,1.056473
1247,1,1,0.638430
1248,1,0,0.121659
1249,1,1,0.961544
1250,1,1,0.900941
1251,1,1,1.302737
1252,1,1,0.700456
1253,1,2,1.834349
1254,1,1,0.714822
1255,1,2,1.802282
1256,1,1,0.571757
1257,1,1,0.585959
1258,1,1,1.080389
1259,1,1,0.672228
1260,1,1,0.850080
1261,1,1,0.903205
1262,1,0,0.253668
1263,1,1,0.891934
1264,1,1,0.822822
1265,1,1,0.900432
1266,1,1,1.235250
1267,1,2,2.147106
1268,1,1,0.835052
1269,1,1,0.787041
1270,1,1,0.602655
1271,1,0,0.222507
1272,1,0,0.030984
1273,1,0,0.256007
1274,1,0,0.045100
1275,1,0,0.016384
1276,1,0,0.106245
1277,1,1,0.612082
1278,1,2,1.590011
1279,1,0,0.184853
1280,1,1,1.025599
1281,1,1,1.006786
1282,1,1,0.956999
1283,1,1,0.950527
1284,1,1,1.287431
1285,1,1,0.578326
1286,1,1,1.295890
1287,1,1,0.740482
1288,1,0,0.340196
1289,1,1,0.766148
1290,1,1,0.973818
1291,1,0,0.144664
1292,1,0,0.011820
1293,1,0,0.431410
1294,1,0,0.246868
1295,1,0,0.280849
1296,1,1,0.771510
1297,1,0,0.227428
1298,1,0,0.089331
1299,1,0,0.317087
1300,1,2,1.785346
1301,1,0,0.184374
1302,1,0,0.042292
1303,1,0,0.063183
1304,1,0,0.231062
1305,1,0,0.262205
1306,1,1,0.681195
1307,1,1,1.019264
1308,1,1,0.931736
1309,1,1,0.807950
1310,1,1,1.081262
1311,1,1,0.840635
1312,1,1,0.913158
1313,1,0,0.173133
1314,1,2,1.501951
1315,1,1,0.607567
1316,1,2,1.637301
1317,1,1,0.626525
1318,1,2,1.809052
1319,1,0,0.037391
1320,1,0,0.013783
1321,1,1,1.163421
1322,1,1,0.545566
1323,1,0,0.094065
1324,1,0,0.216921
1325,1,2,1.954972
1326,1,0,0.119456
1327,1,1,0.953864
1328,1,0,0.408976
1329,1,1,1.199607
1330,1,1,1.156833
1331,1,0,0.119376
1332,1,0,0.253717
1333,1,1,0.829411
1334,1,0,0.160105
1335,1,1,0.820650
1336,1,1,0.670421
1337,1,0,0.465417
1338,1,1,0.665114
1339,1,1,0.545907
1340,1,0,0.011017
1341,1,0,0.095469
1342,1,1,0.657369
1343,1,0,0.062482
1344,1,0,0.407492
1345,1,0,0.327889
1346,1,2,1.744952
1347,1,1,0.772354
1348,1,1,0.770261
1349,1,1,0.893309
1350,1,1,0.631466
1351,1,1,1.118288
1352,1,1,0.542384
1353,1,1,0.825953
1354,1,0,0.286804
1355,1,1,1.312010
1356,1,1,0.887008
1357,1,1,1.426777
1358,1,0,0.146712
1359,1,1,0.752730
1360,1,1,0.874087
1361,1,0,0.454178
1362,1,1,0.583015
1363,1,1,0.939625
1364,1,0,0.027615
1365,1,0,0.124686
1366,1,0,0.431544
1367,1,1,0.635746
1368,1,1,0.505755
1369,1,0,0.228552
1370,1,0,0.204835
1371,1,1,0.689944
1372,1,0,0.016760
1373,1,1,0.924537
1374,1,1,0.712524
1375,1,1,0.881618
1376,1,1,0.895275
1377,1,1,0.524031
1378,1,1,0.909667
1379,1,1,0.994624
1380,1,0,0.419465
1381,1,1,0.776666
1382,1,1,0.585450
1383,1,1,0.617416
1384,1,1,0.892168
1385,1,0,0.488382
1386,1,1,0.566083
1387,1,1,0.878139
1388,1,1,0.930364
1389,2,2,1.977168
1390,2,3,2.892923
1391,2,2,1.794520
1392,2,2,1.880997
1393,2,3,2.994445
1394,2,2,2.117859
1395,2,3,2.984840
1396,2,3,2.689264
1397,2,2,1.996099
1398,2,2,2.215794
1399,2,2,1.918908
1400,2,2,2.001080
1401,2,2,1.991435
1402,2,1,1.329030
1403,2,2,2.015834
1404,2,2,1.541504
1405,2,2,2.023649
1406,2,2,2.358774
1407,2,3,2.829156
1408,2,2,2.141521
1409,2,3,2.993262
1410,2,2,1.997833
1411,2,2,1.811082
1412,2,2,2.060370
1413,2,2,1.761181
1414,2,2,1.997460
1415,2,2,1.965629
1416,2,2,2.062020
1417,2,2,1.578759
1418,2,2,1.728894
1419,2,3,2.857795
1420,2,3,2.899304
1421,2,2,1.807500
1422,2,2,1.728395
1423,2,2,2.074554
1424,2,2,1.936315
1425,2,2,2.006691
1426,2,2,2.031605
1427,2,3,2.656898
1428,2,2,1.961910
1429,2,2,2.002324
1430,2,2,1.994639
1431,2,1,0.929878
1432,2,2,2.441042
1433,2,2,2.374573
1434,2,2,1.955599
1435,2,3,2.975718
1436,2,1,1.204729
1437,2,3,2.920183
1438,2,3,2.992164
1439,2,2,1.776886
1440,2,2,1.976789
1441,2,2,2.020644
1442,2,1,0.829056
1443,2,1,0.990943
1444,2,2,1.662565
1445,2,3,2.515014
1446,2,2,1.617857
1447,2,2,2.182072
1448,2,3,2.924082
1449,2,2,2.061960
1450,2,3,2.988428
1451,2,1,1.092626
1452,2,2,2.001749
1453,2,2,2.058620
1454,2,2,2.122124
1455,2,2,2.294400
1456,2,2,1.723878
1457,2,3,2.912718
1458,2,2,2.320507
1459,2,2,1.939537
1460,2,1,0.616940
1461,2,1,0.943935
1462,2,2,1.990588
1463,2,2,2.374594
1464,2,3,2.994608
1465,2,2,1.801508
1466,2,3,2.976057
1467,2,2,1.942861
1468,2,2,1.651498
1469,2,1,0.850607
1470,2,0,0.063232
1471,2,1,1.163693
1472,2,1,1.054183
1473,2,1,1.492035
1474,2,2,1.851383
1475,2,2,2.245788
1476,2,1,1.183934
1477,2,2,1.800844
1478,2,2,2.092488
1479,2,2,2.021528
1480,2,2,1.991365
1481,2,3,2.965371
1482,2,1,1.044298
1483,2,2,2.049567
1484,2,2,1.810650
1485,2,2,1.810805
1486,2,2,2.056769
1487,2,2,1.933912
1488,2,2,2.129579
1489,2,1,0.836214
1490,2,2,1.976199
1491,2,2,1.732903
1492,2,1,0.966856
1493,2,1,0.993561
1494,2,2,1.767608
1495,2,2,2.377923
1496,2,1,1.330408
1497,2,0,0.175418
1498,2,3,2.647985
1499,2,1,1.437321
1500,2,0,0.023309
1501,2,1,0.853791
1502,2,2,2.461476
1503,2,1,0.908559
1504,2,1,0.892249
1505,2,2,1.948910
1506,2,1,1.467938
1507,2,2,1.946060
1508,2,2,2.017327
1509,2,2,1.987885
1510,2,2,1.747022
1511,2,1,1.017690
1512,2,2,1.940206
1513,2,2,1.814016
1514,2,0,0.495359
1515,2,2,1.787497
1516,2,2,1.931016
1517,2,2,1.957373
1518,2,2,2.003143
1519,2,3,2.993667
1520,2,3,2.996024
1521,2,2,2.007467
1522,2,3,2.974252
1523,2,1,1.030529
1524,2,3,2.792073
1525,2,3,2.961851
1526,2,2,1.964153
1527,2,3,2.613034
1528,2,3,2.993815
1529,2,2,1.931306
1530,2,1,1.168235
1531,2,1,1.178345
1532,2,1,1.323582
1533,2,2,1.973078
1534,2,1,1.260434
1535,2,2,1.979170
1536,2,3,2.982979
1537,2,2,1.937971
1538,2,2,2.248049
1539,2,3,2.989415
1540,2,2,1.737266
1541,2,2,2.101110
1542,2,3,2.500021
1543,2,2,1.721726
1544,2,1,1.132994
1545,2,3,2.949922
1546,2,2,1.956525
1547,2,3,2.689728
1548,2,2,2.042495
1549,2,2,1.943867
1550,2,2,1.955015
1551,2,2,2.021453
1552,2,2,1.984382
1553,2,2,2.025782
1554,2,1,1.004931
1555,2,3,2.837353
1556,2,3,2.699559
1557,2,3,2.971232
1558,2,3,2.837062
1559,2,1,1.433085
1560,2,1,1.491663
1561,2,1,1.249206
1562,2,3,2.579184
1563,2,2,2.373527
1564,2,2,2.029433
1565,2,2,1.791674
1566,3,3,2.951471
1567,3,3,2.906129
1568,3,3,2.994110
1569,3,3,2.990849
1570,3,3,2.978392
1571,3,3,2.965795
1572,3,3,2.979442
1573,3,3,2.984242
1574,3,2,2.037155
1575,3,2,2.150581
1576,3,3,2.992336
1577,3,3,2.510386
1578,3,3,2.990014
1579,3,2,2.129971
1580,3,2,2.202163
1581,3,3,2.994352
1582,3,2,1.996099
1583,3,3,2.959831
1584,3,3,2.990274
1585,3,3,2.529150
1586,3,3,2.979395
1587,3,2,2.411086
1588,3,2,1.918908
1589,3,3,2.893754
1590,3,2,2.119637
1591,3,3,2.980248
1592,3,3,2.986324
1593,3,3,2.994181
1594,3,2,2.277458
1595,3,3,2.991597
1596,3,3,2.971911
1597,3,2,2.309523
1598,3,2,1.976808
1599,3,3,2.973118
1600,3,3,2.991704
1601,3,2,2.448610
1602,3,3,2.912426
1603,3,2,2.410365
1604,3,3,2.885638
1605,3,2,2.256671
1606,3,2,1.844620
1607,3,3,2.593976
1608,3,1,1.101074
1609,3,3,2.982712
1610,3,3,2.972903
1611,3,3,2.981686
1612,3,2,2.162451
1613,3,3,2.985943
1614,3,3,2.921665
1615,3,3,2.993147
1616,3,3,2.868402
1617,3,3,2.897570
1618,3,3,2.978108
1619,3,3,2.688701
1620,3,2,2.484831
1621,3,3,2.893350
1622,3,3,2.982115
1623,3,3,2.995542
1624,3,3,2.995027
1625,3,3,2.985308
1626,3,3,2.922779
1627,3,3,2.938522
1628,3,2,2.250050
1629,3,3,2.592147
1630,3,2,2.476258
1631,3,3,2.982455
1632,3,2,1.783814
1633,3,2,1.745268
1634,3,1,1.007900
1635,3,3,2.804604
1636,3,3,2.995131
1637,3,2,2.136081
1638,3,3,2.995489
1639,3,3,2.983137
1640,3,1,0.934417
1641,3,3,2.984268
1642,3,3,2.940470
1643,3,3,2.645515
1644,3,3,2.572172
1645,3,2,2.314543
1646,3,3,2.981345
1647,3,3,2.869290
1648,3,2,2.033878
1649,3,3,2.992820
1650,3,3,2.964645
1651,3,2,2.106211
1652,3,2,2.186446
1653,3,3,2.599962
1654,3,2,2.230852
1655,3,3,2.993051
1656,3,3,2.988239
1657,3,3,2.694452
1658,3,2,2.406938
1659,3,2,1.778913
1660,3,3,2.661691
1661,3,2,2.071239
1662,3,3,2.933288
1663,3,2,1.811865
1664,3,3,2.949163
1665,3,3,2.659985
1666,3,3,2.981616
1667,3,3,2.968386
1668,3,3,2.993827
1669,3,2,2.206689
1670,3,3,2.581121
1671,3,3,2.993176
1672,3,3,2.545187
1673,3,3,2.992496
1674,3,3,2.992499
1675,3,2,1.875426
1676,3,3,2.988657
1677,3,3,2.885225
1678,3,2,2.010523
1679,3,2,2.146179
1680,3,2,2.161221
1681,3,3,2.991072
1682,3,3,2.994274
1683,3,2,2.401458
1684,3,3,2.535252
1685,3,2,2.148665
